timestamp_ms,waist_x,waist_y,waist_z,waist_gx,waist_gy,waist_gz,thigh_x,thigh_y,thigh_z,event_flag
318,-4.0165,-8.0115,3.5498,17.6400,-117.8800,8.0500,0.6032,-4.0309,0.2753,0
357,-6.4461,-7.1211,4.8160,11.2000,-90.0200,11.2700,0.3830,-3.0782,0.3854,0
40800,8.7942,-4.6389,-1.2327,-0.2100,16.1000,11.2700,-0.0072,0.5505,0.3854,0
40839,8.1168,-5.1774,-0.4979,-7.1400,33.2500,38.2200,-0.2442,1.1370,1.3069,0
40878,7.4873,-5.8931,0.1293,-20.9300,29.0500,70.7000,-0.7157,0.9934,2.4176,0
40917,8.0666,-6.9416,0.3279,1.6100,28.2100,126.9100,0.0551,0.9646,4.3397,0
40956,4.7777,-9.5602,-2.3386,53.8300,65.6600,138.1800,1.8407,2.2452,4.7250,0
40995,-1.8982,-9.8833,0.1364,69.6500,57.2600,72.2400,2.3817,1.9580,2.4702,0
41034,0.7899,-9.1772,0.9072,38.1500,-57.8900,6.5800,1.3045,-1.9795,0.2250,0
41073,5.0243,-8.0881,-1.7282,24.0800,-60.6900,-20.9300,0.8234,-2.0753,-0.7157,0
41112,5.7376,-8.3466,-0.3423,-27.5100,-26.6000,-27.0900,-0.9407,-0.9096,-0.9263,0
41151,3.6216,-6.5538,1.7115,-82.7400,-47.1100,-33.9500,-2.8293,-1.6109,-1.1609,0
41190,7.7315,-8.9762,-0.3519,-64.9600,-32.9700,-81.7600,-2.2213,-1.1274,-2.7958,0
41229,7.1953,-7.9134,0.6056,-17.2200,34.6500,-105.5600,-0.5888,1.1849,-3.6096,0
41268,5.5844,-6.2235,0.7468,21.1400,6.8600,-121.1700,0.7229,0.2346,-4.1434,0
41307,8.0857,-8.2054,1.4075,21.4900,-34.5800,-72.7300,0.7348,-1.1825,-2.4870,0
41346,11.1304,-6.0009,1.4601,36.9600,-40.1100,-33.3900,1.2638,-1.3716,-1.1418,0
41385,10.5799,-4.4881,-0.1604,25.4100,-34.6500,-17.3600,0.8689,-1.1849,-0.5936,0
41424,7.7171,-4.2296,-2.2237,-14.6300,-2.3100,-6.2300,-0.5003,-0.0790,-0.2130,0
41463,5.7806,-5.9003,-1.6444,-24.1500,14.2800,-5.2500,-0.8258,0.4883,-0.1795,0
41502,7.9684,-5.4910,-2.7383,-43.4700,12.0400,-10.6400,-1.4865,0.4117,-0.3638,0
41541,7.7769,-7.5184,-3.6479,-52.5000,-4.6900,-0.9800,-1.7952,-0.1604,-0.0335,0
41580,7.6501,-7.4059,-1.4625,-34.1600,-8.2600,-6.6500,-1.1681,-0.2824,-0.2274,0
41619,8.4089,-7.2575,-1.8263,-10.0100,-23.7300,-11.1300,-0.3423,-0.8114,-0.3806,0
41658,8.1001,-6.1493,-1.0412,-3.5700,-6.7200,-0.4900,-0.1221,-0.2298,-0.0168,0
41697,8.1097,-5.2804,-0.4141,12.1800,4.3400,4.4100,0.4165,0.1484,0.1508,0
41736,7.9301,-6.6878,-1.8646,28.9800,1.4700,2.8000,0.9910,0.0503,0.0957,0
41775,7.0804,-7.5495,-1.1513,21.9100,-9.7300,0.2800,0.7492,-0.3327,0.0096,0
41814,7.2503,-7.2192,-0.4596,32.1300,0.8400,5.4600,1.0987,0.0287,0.1867,0
41853,9.0288,-6.7046,-0.6726,69.8600,3.9900,14.2100,2.3889,0.1364,0.4859,0
41892,8.7176,-5.2181,-1.2016,46.7600,-16.3800,13.5800,1.5990,-0.5601,0.4644,0
41931,8.3299,-5.0290,-0.5290,29.3300,-8.2600,11.8300,1.0029,-0.2824,0.4045,0
41970,7.9565,-5.3977,-0.7037,18.2700,3.3600,4.6200,0.6247,0.1149,0.1580,0
42009,7.0397,-6.0009,-0.5481,7.4200,9.3800,4.4100,0.2537,0.3207,0.1508,0
42048,6.3982,-6.0152,-0.1508,2.1700,15.4000,2.2400,0.0742,0.5266,0.0766,0
42087,6.4700,-5.9482,0.1412,13.0200,27.8600,5.6000,0.4452,0.9527,0.1915,0
42126,5.9290,-5.7495,0.0718,14.7700,25.5500,10.0100,0.5051,0.8737,0.3423,0
42165,6.6208,-7.2647,0.5122,26.6000,-1.4000,19.1100,0.9096,-0.0479,0.6535,0
42204,7.7243,-7.8679,0.7708,34.0200,-0.5600,20.0900,1.1633,-0.0191,0.6870,0
42243,7.7554,-6.8243,0.3782,42.9100,0.0700,15.3300,1.4673,0.0024,0.5242,0
42282,7.5974,-6.4963,1.1777,38.7800,2.0300,12.7400,1.3261,0.0694,0.4356,0
42321,8.0067,-7.1570,1.4266,28.4900,-4.2700,15.9600,0.9742,-0.1460,0.5457,0
42360,7.5448,-6.6519,1.5487,11.9700,1.2600,8.4000,0.4093,0.0431,0.2872,0
42399,8.0450,-7.4299,1.3835,9.6600,1.9600,4.4800,0.3303,0.0670,0.1532,0
42438,7.1642,-6.8027,2.0035,3.7100,8.5400,-0.8400,0.1269,0.2920,-0.0287,0
42477,6.6400,-6.4102,1.6588,3.1500,5.6000,0.9800,0.1077,0.1915,0.0335,0
42516,6.1540,-5.8525,1.5894,10.7800,-0.2800,6.0200,0.3686,-0.0096,0.2059,0
42555,6.5275,-5.9937,1.3787,3.7100,-3.7800,10.5700,0.1269,-0.1293,0.3614,0
42594,6.4341,-5.6729,1.1705,-2.8700,0.7000,13.4400,-0.0981,0.0239,0.4596,0
42633,6.1804,-7.1450,0.2465,-6.4400,6.3000,13.9300,-0.2202,0.2154,0.4763,0
42672,6.3336,-7.6070,1.8335,7.0700,2.9400,8.3300,0.2418,0.1005,0.2848,0
42711,6.8937,-7.1977,2.1686,9.8000,10.7800,-11.4800,0.3351,0.3686,-0.3926,0
42750,7.4011,-5.9985,1.3069,11.7600,3.8500,-11.4100,0.4021,0.1317,-0.3902,0
42789,7.7482,-6.9703,1.5391,-9.7300,-2.1700,10.7800,-0.3327,-0.0742,0.3686,0
42828,7.1163,-7.5687,1.6732,-13.9300,10.2900,13.0900,-0.4763,0.3519,0.4476,0
42867,7.1666,-8.0546,1.8623,-7.9100,8.5400,-0.9800,-0.2705,0.2920,-0.0335,0
42906,7.3198,-7.5256,1.5367,-6.0200,10.4300,-17.7800,-0.2059,0.3567,-0.6080,0
42945,6.9559,-6.7189,1.3309,-6.5800,9.8000,-21.0700,-0.2250,0.3351,-0.7205,0
42984,6.9870,-6.2283,1.3524,-8.8200,10.2200,-13.6500,-0.3016,0.3495,-0.4668,0
43023,7.1187,-5.7040,1.6349,-15.6100,12.1800,-5.0400,-0.5338,0.4165,-0.1723,0
43062,7.3269,-6.7213,1.1609,-22.0500,10.5000,2.1000,-0.7540,0.3590,0.0718,0
43101,6.4987,-7.0828,1.2830,-24.5000,11.3400,2.2400,-0.8378,0.3878,0.0766,0
43140,6.4054,-7.9876,1.2591,-10.7100,10.2900,-2.5200,-0.3662,0.3519,-0.0862,0
43179,6.1804,-7.0325,1.2902,-1.2600,2.5200,-3.3600,-0.0431,0.0862,-0.1149,0
43218,6.7572,-7.3126,1.1968,6.9300,-3.7100,4.8300,0.2370,-0.1269,0.1652,0
43257,7.1259,-6.8362,1.6516,8.5400,-2.1000,-0.1400,0.2920,-0.0718,-0.0048,0
43296,7.0780,-6.5346,1.4338,7.3500,-7.9100,0.7700,0.2513,-0.2705,0.0263,0
43335,6.9511,-6.8889,1.1729,2.6600,-7.0700,7.4900,0.0910,-0.2418,0.2561,0
43374,6.6735,-6.9487,1.4338,0.9800,-3.4300,9.3100,0.0335,-0.1173,0.3184,0
43413,6.7668,-7.2527,1.4458,0.8400,-0.0700,3.7100,0.0287,-0.0024,0.1269,0
43452,6.9128,-6.9009,1.1394,7.4200,-3.6400,-3.3600,0.2537,-0.1245,-0.1149,0
43491,6.9320,-7.0373,1.3835,7.3500,0.8400,-7.0700,0.2513,0.0287,-0.2418,0
43530,7.1163,-6.5897,1.7809,7.3500,5.8800,-10.9900,0.2513,0.2011,-0.3758,0
43569,7.2862,-6.6328,1.3716,7.0000,6.8600,-9.8000,0.2394,0.2346,-0.3351,0
43608,7.1019,-6.1876,1.7617,5.0400,1.4000,-1.8900,0.1723,0.0479,-0.0646,0
43647,7.1211,-5.9338,1.9604,-2.7300,3.3600,12.6700,-0.0934,0.1149,0.4332,0
43686,7.5065,-6.4604,1.2926,-13.8600,7.0000,17.5000,-0.4739,0.2394,0.5984,0
43725,7.3796,-6.5179,1.2184,-19.4600,9.9400,19.7400,-0.6654,0.3399,0.6750,0
43764,6.3623,-6.5681,1.4960,-32.7600,16.4500,15.4700,-1.1202,0.5625,0.5290,0
43803,6.2570,-6.9009,1.7138,-34.5100,6.5100,19.6700,-1.1801,0.2226,0.6726,0
43842,6.3934,-6.6208,1.9843,-44.2400,-2.1000,33.0400,-1.5128,-0.0718,1.1298,0
43881,6.4461,-7.7841,0.0862,-55.5100,3.8500,55.8600,-1.8982,0.1317,1.9101,0
43920,5.3594,-8.8732,0.3614,-33.1800,7.6300,82.3900,-1.1346,0.2609,2.8173,0
43959,3.6312,-9.2777,0.1364,11.6200,8.6800,89.0400,0.3973,0.2968,3.0447,0
43998,3.4756,-10.0964,1.4242,7.2100,18.3400,71.1200,0.2465,0.6271,2.4319,0
44037,5.1703,-10.9892,1.5367,4.9700,29.8900,46.6900,0.1699,1.0221,1.5966,0
44076,5.4264,-10.2256,1.0676,12.7400,34.9300,27.9300,0.4356,1.1944,0.9551,0
44115,4.2343,-9.3160,1.2543,-1.3300,43.4700,19.0400,-0.0455,1.4865,0.6511,0
44154,3.2171,-8.9259,0.9048,-8.6800,43.1200,3.8500,-0.2968,1.4745,0.1317,0
44193,2.2907,-8.9642,1.3117,-8.6800,40.9500,-15.7500,-0.2968,1.4003,-0.5386,0
44232,1.1418,-8.4711,1.4146,-14.0700,33.7400,-34.7900,-0.4811,1.1537,-1.1896,0
44271,0.6606,-7.7291,1.7186,-25.5500,21.7700,-49.3500,-0.8737,0.7444,-1.6875,0
44310,0.5170,-8.0833,1.1011,-37.1000,14.4200,-61.8100,-1.2686,0.4931,-2.1136,0
44349,1.6253,-8.0091,0.5984,-33.1100,4.9700,-75.1800,-1.1322,0.1699,-2.5708,0
44388,4.7873,-9.6176,0.8306,-49.1400,-9.3100,-77.2800,-1.6803,-0.3184,-2.6426,0
44427,6.6926,-10.4889,-0.1795,-30.5900,-0.4200,-78.8200,-1.0460,-0.0144,-2.6952,0
44466,6.0846,-8.8445,1.3117,-33.2500,14.7700,-101.7800,-1.1370,0.5051,-3.4804,0
44505,7.5711,-8.6674,1.8024,-32.4100,10.5700,-81.7600,-1.1083,0.3614,-2.7958,0
44544,8.6075,-8.3179,-0.1388,-30.1700,7.0700,-40.4600,-1.0317,0.2418,-1.3835,0
44583,7.0828,-6.2953,1.1418,-22.8200,11.0600,-29.6800,-0.7803,0.3782,-1.0149,0
44622,7.1977,-3.5091,0.2322,-28.7000,25.0600,-38.7800,-0.9814,0.8569,-1.3261,0
44661,7.5184,-2.4870,-0.3207,-26.6700,19.3200,-43.1200,-0.9120,0.6606,-1.4745,0
44700,8.5525,-2.1040,-1.7282,-60.9700,24.3600,-22.8200,-2.0849,0.8330,-0.7803,0
44739,8.7990,-4.9572,-0.9479,-85.8900,25.5500,-9.3800,-2.9370,0.8737,-0.3207,0
44778,10.0102,-6.9224,0.1676,-64.2600,17.4300,-6.5100,-2.1974,0.5960,-0.2226,0
44817,10.3310,-6.2402,0.5218,-24.4300,23.4500,-17.4300,-0.8354,0.8019,-0.5960,0
44856,10.1538,-4.7825,1.1849,-23.1000,30.8700,-9.8700,-0.7899,1.0556,-0.3375,0
44895,9.0360,-5.9147,-1.5008,-51.1700,6.2300,-10.5000,-1.7498,0.2130,-0.3590,0
44934,7.8152,-9.2754,-1.7593,-74.1300,11.1300,4.1300,-2.5349,0.3806,0.1412,0
44973,6.5227,-8.8445,-1.5942,-25.0600,35.9100,-12.2500,-0.8569,1.2279,-0.4189,0
45012,7.7171,-7.8631,-3.2099,13.1600,38.5000,-5.7400,0.4500,1.3165,-0.1963,0
45051,6.1564,-7.5065,-2.8891,46.6200,55.2300,5.6000,1.5942,1.8886,0.1915,0
45090,4.8639,-6.0344,-2.3458,87.2200,80.2900,26.1100,2.9825,2.7455,0.8928,0
45129,3.8945,-4.9046,0.9168,51.8700,103.5300,45.0800,1.7737,3.5402,1.5415,0
45168,6.3096,-5.3618,2.5253,28.9800,33.8100,67.6200,0.9910,1.1561,2.3123,0
45207,8.2772,-4.1266,0.8545,47.3200,-35.2100,59.1500,1.6181,-1.2040,2.0226,0
45246,7.3150,-2.8245,1.2926,-6.9300,-79.5900,53.4800,-0.2370,-2.7216,1.8287,0
45285,8.0259,-3.3176,2.5899,-14.5600,-95.4100,90.0900,-0.4979,-3.2625,3.0806,0
45324,9.3639,-6.6687,3.0351,11.2700,-100.1000,121.4500,0.3854,-3.4229,4.1530,0
45363,9.2418,-10.6924,1.9053,0.4900,-114.8700,61.3900,0.0168,-3.9280,2.0992,0
45402,8.7033,-10.5153,0.2777,20.0200,-105.0700,28.5600,0.6846,-3.5929,0.9766,0
45441,6.4006,-9.8690,0.3231,55.7200,-131.5300,42.7000,1.9053,-4.4976,1.4601,0
45480,6.6639,-10.4554,-0.3447,99.4700,-161.8400,49.2100,3.4014,-5.5341,1.6827,0
45519,7.2647,-8.1623,-1.1178,112.1400,-159.3900,48.0200,3.8346,-5.4503,1.6420,0
45558,5.3426,-6.2881,-1.5128,106.5400,-126.5600,46.6900,3.6431,-4.3277,1.5966,0
45597,3.7772,-6.8769,-0.8186,86.5200,-110.7400,44.7300,2.9585,-3.7867,1.5295,0
45636,3.5450,-7.3461,-0.3136,78.8200,-110.6000,28.4200,2.6952,-3.7820,0.9718,0
45675,3.9208,-7.8870,-1.7450,64.1900,-116.6900,6.7900,2.1950,-3.9902,0.2322,0
45714,2.9298,-7.0636,-2.6234,36.2600,-101.1500,-31.9200,1.2399,-3.4588,-1.0915,0
45753,1.2614,-6.4963,-3.8083,3.5000,-96.4600,-55.0200,0.1197,-3.2984,-1.8814,0
45792,1.6708,-6.8841,-5.6801,-21.0000,-71.8900,-75.6700,-0.7181,-2.4583,-2.5875,0
45831,3.0950,-5.8118,-4.2798,9.2400,-79.4500,-96.6700,0.3160,-2.7168,-3.3056,0
45870,9.1437,-7.0301,-2.7383,95.8300,-90.8600,-71.6100,3.2769,-3.1069,-2.4487,0
45909,9.9073,-5.4503,0.5098,51.8000,-59.0800,-60.6200,1.7713,-2.0202,-2.0729,0
45948,10.2759,-5.4743,0.3567,11.9000,-59.7100,-65.7300,0.4069,-2.0418,-2.2476,0
45987,9.9360,-6.8721,0.9958,14.9800,-44.4500,-39.4800,0.5122,-1.5200,-1.3500,0
46026,8.1216,-7.7147,0.7995,28.2800,-31.8500,-23.8000,0.9670,-1.0891,-0.8138,0
46065,5.9721,-7.5639,0.0574,68.1800,-44.5200,-19.4600,2.3314,-1.5224,-0.6654,0
46104,7.5017,-5.9913,-1.6133,99.4000,-67.2700,-21.0700,3.3990,-2.3003,-0.7205,0
46143,9.6368,-3.8705,-2.1160,88.4800,-73.1500,-26.9500,3.0256,-2.5014,-0.9216,0
46182,10.6804,-2.9705,-1.8431,40.3200,-43.2600,-40.5300,1.3787,-1.4793,-1.3859,0
46221,9.9264,-4.8447,-1.3165,20.1600,-5.5300,-27.2300,0.6894,-0.1891,-0.9311,0
46260,8.9714,-8.4639,-1.3237,15.6100,-32.9700,-8.4700,0.5338,-1.1274,-0.2896,0
46299,8.8876,-8.1360,-1.0532,41.3700,-43.1900,-21.2100,1.4146,-1.4769,-0.7253,0
46338,6.9870,-6.8027,-2.1686,73.1500,-19.8100,-29.1200,2.5014,-0.6774,-0.9958,0
46377,7.1977,-6.7046,-1.2734,76.9300,-39.0600,-12.8800,2.6306,-1.3357,-0.4404,0
46416,7.6237,-5.8716,-1.7354,82.2500,-16.3800,-2.0300,2.8125,-0.5601,-0.0694,0
46455,7.1163,-5.8309,-2.4224,92.1900,12.1800,-0.7000,3.1524,0.4165,-0.0239,0
46494,6.1995,-5.7088,-2.2859,105.9800,16.4500,-3.8500,3.6240,0.5625,-0.1317,0
46533,6.9511,-6.4102,-2.5133,101.6400,3.3600,1.4000,3.4756,0.1149,0.0479,0
46572,7.8583,-6.4197,-2.0298,105.3500,23.3100,15.3300,3.6024,0.7971,0.5242,0
46611,8.4472,-5.5437,-0.6606,101.9200,26.3900,32.3400,3.4851,0.9024,1.1059,0
46650,8.7200,-4.4163,0.5936,81.3400,11.9700,32.7600,2.7814,0.4093,1.1202,0
46689,8.0474,-3.6551,1.0700,61.4600,-31.7100,41.3000,2.1016,-1.0843,1.4122,0
46728,7.0660,-2.7144,1.6732,60.9700,-82.8100,51.1000,2.0849,-2.8317,1.7474,0
46767,7.1809,-2.5540,3.2314,4.1300,-165.8300,91.2100,0.1412,-5.6705,3.1189,0
46806,8.2365,-7.2623,1.6540,26.2500,-143.7800,94.8500,0.8976,-4.9165,3.2434,0
46845,7.9780,-10.1419,1.7521,50.6100,-99.8200,54.8800,1.7306,-3.4133,1.8766,0
46884,7.9086,-7.6596,0.2250,41.3000,-95.9000,27.8600,1.4122,-3.2793,0.9527,0
46923,7.7769,-7.9972,0.4332,59.8500,-113.8900,47.1100,2.0466,-3.8945,1.6109,0
46962,6.1636,-6.6112,0.6774,42.3500,-119.6300,66.5700,1.4482,-4.0907,2.2764,0
47001,7.7889,-10.4052,-0.7468,46.1300,-116.2700,79.3800,1.5774,-3.9758,2.7144,0
47040,7.2455,-9.6488,-1.8599,71.6100,-140.0000,63.8400,2.4487,-4.7873,2.1830,0
47079,6.1636,-8.4448,-1.1226,91.3500,-106.5400,64.2600,3.1237,-3.6431,2.1974,0
47118,5.2014,-8.5166,-0.8856,74.4100,-70.5600,56.5600,2.5444,-2.4128,1.9341,0
47157,3.9734,-7.8775,-0.4548,55.7900,-50.6800,33.2500,1.9077,-1.7330,1.1370,0
47196,2.4942,-7.9541,-1.0508,19.6000,-41.0900,-18.7600,0.6702,-1.4051,-0.6415,0
47235,-0.1005,-8.3418,-3.7077,4.1300,-52.1500,-49.2800,0.1412,-1.7833,-1.6851,0
47274,0.0239,-8.3490,-3.9806,7.1400,-66.2900,-74.9000,0.2442,-2.2668,-2.5612,0
47313,0.1005,-5.7328,-1.9269,-7.4900,-80.5000,-95.3400,-0.2561,-2.7527,-3.2601,0
47352,5.6227,-4.4043,-1.5822,-3.3600,-84.5600,-109.6200,-0.1149,-2.8915,-3.7484,0
47391,20.8438,-9.4549,-0.1628,103.6700,-69.8600,-83.5800,3.5450,-2.3889,-2.8580,0
47430,10.0533,-4.3253,0.0694,-1.9600,-8.1900,-77.9800,-0.0670,-0.2801,-2.6665,0
47469,8.8780,-5.6107,0.2489,-46.3400,-16.8700,-60.4100,-1.5846,-0.5769,-2.0657,0
47508,8.2198,-7.9134,1.1442,-27.0900,-33.5300,-33.6700,-0.9263,-1.1466,-1.1513,0
47547,7.3724,-9.1676,-0.0144,19.1100,-21.8400,-28.9100,0.6535,-0.7468,-0.9886,0
47586,5.8429,-5.9195,-1.0317,61.7400,-50.0500,-37.5900,2.1112,-1.7115,-1.2854,0
47625,7.2838,-4.4976,-2.8341,60.3400,-48.7200,-15.6100,2.0633,-1.6660,-0.5338,0
47664,10.8839,-4.1913,-2.2213,44.2400,-20.2300,-32.9000,1.5128,-0.6918,-1.1250,0
47703,11.1400,-4.8136,-1.4721,20.4400,-19.8100,-35.2100,0.6989,-0.6774,-1.2040,0
47742,11.1927,-7.3221,-1.4745,18.0600,-17.7800,-30.3100,0.6176,-0.6080,-1.0364,0
47781,9.1940,-6.1397,-2.0825,18.4800,-7.4900,-32.7600,0.6319,-0.2561,-1.1202,0
47820,7.5663,-6.7979,-1.5894,29.4000,-6.3000,-16.5900,1.0053,-0.2154,-0.5673,0
47859,7.4729,-5.6155,-0.6200,46.9000,-8.0500,2.8000,1.6037,-0.2753,0.0957,0
47898,7.7195,-5.9721,-2.5588,86.3800,-7.8400,9.5200,2.9538,-0.2681,0.3255,0
47937,6.7405,-5.4479,-3.1740,95.7600,26.3200,8.5400,3.2745,0.9000,0.2920,0
47976,5.7974,-6.5801,-2.9633,77.1400,43.6800,9.3100,2.6378,1.4936,0.3184,0
48015,6.3144,-6.0200,-1.6420,65.9400,66.9900,5.7400,2.2548,2.2907,0.1963,0
48054,6.2642,-3.8442,-0.2442,55.8600,105.1400,22.1900,1.9101,3.5952,0.7588,0
48093,6.8745,-5.0171,2.0178,43.2600,1.4000,38.6400,1.4793,0.0479,1.3213,0
48132,8.9881,-7.3030,2.6186,36.8900,-56.0700,47.6000,1.2614,-1.9173,1.6277,0
48171,8.5501,-3.9615,1.8694,44.8000,-65.5900,60.1300,1.5319,-2.2428,2.0561,0
48210,7.5184,-1.3739,2.5444,38.2200,-85.7500,96.3200,1.3069,-2.9322,3.2936,0
48249,9.6105,-5.6849,2.7144,9.5200,-127.6100,119.6300,0.3255,-4.3636,4.0907,0
48288,9.9958,-9.0671,3.7676,-10.2200,-121.5900,92.1900,-0.3495,-4.1578,3.1524,0
48327,7.8320,-8.6578,1.3811,9.9400,-96.4600,43.6800,0.3399,-3.2984,1.4936,0
48366,6.1325,-8.8948,1.2040,42.9800,-99.0500,50.6800,1.4697,-3.3870,1.7330,0
48405,4.5168,-8.7488,0.7181,45.5000,-94.2200,80.2200,1.5559,-3.2218,2.7431,0
48444,5.0003,-9.3903,0.2106,76.8600,-102.0600,77.2800,2.6282,-3.4899,2.6426,0
48483,4.9309,-8.9019,0.5649,91.7000,-96.3200,65.6600,3.1357,-3.2936,2.2452,0
48522,3.5569,-7.8751,-0.1771,75.6000,-81.5500,50.1900,2.5851,-2.7886,1.7162,0
48561,2.2883,-8.6171,0.4715,43.5400,-98.9100,40.3200,1.4888,-3.3822,1.3787,0
48600,2.1998,-8.8996,0.0670,31.7800,-112.0700,21.2100,1.0867,-3.8322,0.7253,0
48639,2.1543,-8.3634,-1.8503,48.0200,-135.3100,-1.5400,1.6420,-4.6269,-0.0527,0
48678,1.9580,-8.0594,-2.7335,43.1900,-128.5900,-34.0200,1.4769,-4.3971,-1.1633,0
48717,0.7947,-8.8900,-4.2798,35.6300,-130.9000,-44.1000,1.2184,-4.4761,-1.5080,0
48756,0.6439,-8.0714,-4.2104,14.3500,-131.8800,-67.1300,0.4907,-4.5096,-2.2955,0
48795,3.5139,-5.2349,-2.9394,28.6300,-135.8700,-95.7600,0.9790,-4.6461,-3.2745,0
48834,13.1842,-8.3730,-3.5426,123.1300,-145.2500,-91.4200,4.2104,-4.9668,-3.1261,0
48873,12.6887,-5.5461,-0.0862,86.8700,-81.4100,-84.4200,2.9705,-2.7838,-2.8867,0
48912,10.6804,-3.9423,3.1117,34.5800,-71.6100,-86.6600,1.1825,-2.4487,-2.9633,0
48951,10.5823,-7.8009,0.7851,27.3000,-78.6100,-54.6700,0.9335,-2.6881,-1.8694,0
48990,4.1386,-7.0325,-0.4285,68.3200,-55.5800,-48.5800,2.3362,-1.9006,-1.6612,0
49029,6.3719,-1.5343,-1.8886,91.0000,-86.1700,-24.2900,3.1117,-2.9466,-0.8306,0
49068,12.2076,-2.5756,-1.6755,71.1200,-63.4900,11.9000,2.4319,-2.1710,0.4069,0
49107,9.8977,-4.9046,-2.6139,-11.2700,-20.7200,-4.2700,-0.3854,-0.7085,-0.1460,0
49146,8.4831,-8.8972,-0.0359,-7.0000,-14.3500,-0.7000,-0.2394,-0.4907,-0.0239,0
49185,8.3466,-8.8852,-1.5990,27.0200,-40.3900,-7.0700,0.9239,-1.3811,-0.2418,0
49224,8.9139,-6.9033,-1.6013,42.9800,-31.2200,-0.7000,1.4697,-1.0676,-0.0239,0
49263,8.5908,-6.6567,-1.4003,54.3900,-46.0600,7.4200,1.8599,-1.5750,0.2537,0
49302,8.4591,-6.2642,-0.0766,66.0800,-56.9800,4.2000,2.2596,-1.9484,0.1436,0
49341,9.0073,-5.0051,-1.3380,73.1500,-35.0000,1.6800,2.5014,-1.1968,0.0574,0
49380,8.7464,-4.7442,-0.6487,61.8800,-44.8000,6.4400,2.1160,-1.5319,0.2202,0
49419,9.4764,-3.7652,1.0676,42.0700,19.4600,33.8100,1.4386,0.6654,1.1561,0
49458,10.2687,-5.7328,2.0442,18.6200,23.3100,38.0800,0.6367,0.7971,1.3021,0
49497,10.5009,-7.4993,-0.0694,11.7600,-7.6300,32.2700,0.4021,-0.2609,1.1035,0
49536,7.8057,-6.0487,-0.6726,-1.4000,25.5500,63.9100,-0.0479,0.8737,2.1854,0
49575,5.1032,-7.5950,-0.0957,17.9200,44.8000,107.4500,0.6128,1.5319,3.6742,0
49614,2.2811,-8.8996,-0.5601,32.4800,48.7900,103.8800,1.1106,1.6684,3.5522,0
49653,-0.2753,-8.1647,0.2322,23.7300,55.3000,73.2200,0.8114,1.8910,2.5037,0
49692,-0.0191,-9.1605,1.3787,-0.9100,26.6700,37.3800,-0.0311,0.9120,1.2782,0
49731,1.5056,-10.3932,1.7019,-17.1500,-18.9000,20.8600,-0.5864,-0.6463,0.7133,0
49770,3.0663,-9.7445,1.1489,11.6200,-37.1000,-1.6800,0.3973,-1.2686,-0.0574,0
49809,2.6378,-7.1043,-0.0934,-26.9500,-32.0600,-26.9500,-0.9216,-1.0963,-0.9216,0
49848,2.4032,-6.6400,0.5721,-70.2800,-6.5100,-69.9300,-2.4032,-0.2226,-2.3912,0
49887,4.0716,-8.5932,-0.6511,-21.5600,-14.1400,-88.7600,-0.7372,-0.4835,-3.0351,0
49926,4.9165,-7.7721,1.0053,-9.4500,11.9000,-94.1500,-0.3231,0.4069,-3.2194,0
49965,8.1192,-9.0791,3.3487,23.1000,14.7700,-80.6400,0.7899,0.5051,-2.7575,0
50004,9.6942,-8.3753,2.4104,31.1500,-13.5800,-51.4500,1.0652,-0.4644,-1.7593,0
50043,7.9924,-8.8277,-1.7426,-3.9200,-20.3700,-44.1700,-0.1340,-0.6965,-1.5104,0
50082,7.0971,-9.0336,-0.3447,-7.0000,-29.1200,-31.7800,-0.2394,-0.9958,-1.0867,0
50121,7.6620,-8.1791,1.7258,-8.9600,-39.4100,-27.7200,-0.3064,-1.3476,-0.9479,0
50160,8.7511,-7.5591,1.2471,35.7700,-34.9300,-32.8300,1.2232,-1.1944,-1.1226,0
50199,8.2700,-5.0817,-1.9125,53.0600,-46.9000,-49.2800,1.8144,-1.6037,-1.6851,0
50238,5.2373,-2.5157,-2.6713,8.6800,-20.6500,-50.3300,0.2968,-0.7061,-1.7210,0
50277,6.5705,-3.5665,-2.7982,-4.6200,2.0300,-29.7500,-0.1580,0.0694,-1.0173,0
50316,8.0211,-4.7586,-2.3841,-21.4900,9.7300,-3.2200,-0.7348,0.3327,-0.1101,0
50355,8.6602,-6.7788,-1.5271,-23.5900,-14.4900,9.5200,-0.8067,-0.4955,0.3255,0
50394,9.0719,-8.6027,-2.7240,-14.4900,-10.3600,-5.9500,-0.4955,-0.3543,-0.2035,0
50433,6.6112,-6.7309,-1.0963,-1.1200,12.0400,-11.2700,-0.0383,0.4117,-0.3854,0
50472,7.4801,-7.5878,-0.5769,11.9700,-2.1000,3.2900,0.4093,-0.0718,0.1125,0
50511,8.0450,-7.5232,-1.3859,45.3600,-3.4300,10.5000,1.5511,-0.1173,0.3590,0
50550,7.7386,-6.8051,-0.3207,53.2700,-3.5700,-5.5300,1.8216,-0.1221,-0.1891,0
50589,7.9062,-6.2450,-0.0287,59.4300,-0.4200,-2.8000,2.0322,-0.0144,-0.0957,0
50628,7.2862,-4.8902,0.2202,66.3600,17.2200,29.6100,2.2692,0.5888,1.0125,0
50667,7.3174,-5.1487,0.8138,67.4100,27.0200,50.4700,2.3051,0.9239,1.7258,0
50706,8.2987,-3.0998,1.9724,57.8900,10.0800,39.7600,1.9795,0.3447,1.3596,0
50745,13.0501,-8.1144,-2.5636,58.3100,101.8500,84.1400,1.9939,3.4827,2.8772,0
50784,6.4868,-4.5264,2.4032,-8.6800,-19.1100,34.1600,-0.2968,-0.6535,1.1681,0
50823,5.9985,-3.0423,1.0412,-23.3100,-50.9600,40.4600,-0.7971,-1.7426,1.3835,0
50862,7.2216,-7.2767,-3.0806,-91.4200,-57.4700,115.5000,-3.1261,-1.9652,3.9495,0
50901,4.0572,-9.2371,1.3596,-12.7400,-22.2600,118.7900,-0.4356,-0.7612,4.0620,0
50940,2.9609,-9.6799,-1.1920,22.3300,-23.3800,96.6000,0.7636,-0.7995,3.3032,0
50979,4.9931,-11.4607,-1.9724,42.2100,0.9800,57.9600,1.4434,0.0335,1.9819,0
51018,4.7011,-10.5464,-2.0896,54.3900,10.1500,26.9500,1.8599,0.3471,0.9216,0
51057,5.5556,-8.7679,1.8766,14.7000,-4.3400,5.0400,0.5027,-0.1484,0.1723,0
51096,4.6796,-8.5477,-0.1580,-33.5300,18.2000,-23.1700,-1.1466,0.6223,-0.7923,0
51135,3.6240,-7.8679,3.4660,-55.5100,26.1100,-38.9200,-1.8982,0.8928,-1.3309,0
51174,3.2841,-10.4817,1.0508,-79.3100,-12.9500,-108.9900,-2.7120,-0.4428,-3.7269,0
51213,2.9705,-8.3418,-1.7904,5.8800,97.7900,-130.9000,0.2011,3.3439,-4.4761,0
51252,8.7751,-6.9918,3.6431,48.6500,29.9600,-107.1000,1.6636,1.0245,-3.6623,0
51291,11.1232,-8.2126,-0.6774,85.9600,28.9100,-23.7300,2.9394,0.9886,-0.8114,0
51330,7.1426,-5.8931,6.6639,95.6900,28.8400,-56.7700,3.2721,0.9862,-1.9412,0
51369,8.3131,-5.4479,2.4056,-37.0300,66.7800,-23.3100,-1.2662,2.2835,-0.7971,0
51408,8.8780,-2.5109,-0.4739,-71.7500,76.2300,21.2100,-2.4535,2.6067,0.7253,0
51447,5.8836,-7.8464,-2.1495,-113.0500,95.2700,61.6700,-3.8657,3.2577,2.1088,0
51486,3.5546,-8.8589,0.3997,-78.4700,86.3100,48.6500,-2.6833,2.9514,1.6636,0
51525,2.9944,-6.7860,-1.4051,-4.2000,34.2300,-0.6300,-0.1436,1.1705,-0.0215,0
51564,5.5987,-6.3791,0.7660,19.0400,50.1900,-10.8500,0.6511,1.7162,-0.3710,0
51603,5.0602,-3.0375,1.8383,-5.8800,92.1200,-45.9900,-0.2011,3.1500,-1.5726,0
51642,5.0410,-7.2264,0.1604,-26.8800,64.6100,-28.0000,-0.9192,2.2093,-0.9575,0
51681,3.1835,-5.0961,-0.2561,-28.2800,35.5600,9.3800,-0.9670,1.2160,0.3207,0
51720,2.9705,-4.8256,0.2561,10.7100,-6.9300,39.1300,0.3662,-0.2370,1.3380,0
51759,3.8562,-3.5905,-0.6726,36.9600,-5.8100,37.5900,1.2638,-0.1987,1.2854,0
51798,5.0147,-2.4822,0.8737,44.1000,19.3200,41.0900,1.5080,0.6606,1.4051,0
51837,5.3809,-1.8048,-0.2059,34.8600,26.8100,40.1800,1.1920,0.9168,1.3739,0
51876,2.0561,-3.4756,-1.9460,26.8100,64.0500,42.1400,0.9168,2.1902,1.4410,0
51915,2.5588,-6.1852,1.4434,25.8300,60.4800,43.8200,0.8833,2.0681,1.4984,0
51954,6.4580,-6.6759,3.8035,62.7200,46.4800,50.8900,2.1447,1.5894,1.7402,0
51993,8.6530,-6.9200,4.3851,102.2000,55.3700,61.9500,3.4947,1.8934,2.1184,1
52032,9.2514,-9.2993,1.7186,129.1500,109.2000,65.2400,4.4163,3.7341,2.2309,0
52071,8.9283,-10.0868,2.8006,150.2200,201.1800,54.6000,5.1368,6.8793,1.8670,0
52110,-2.0274,-13.5241,6.7812,179.4800,265.1600,76.7900,6.1373,9.0671,2.6258,0
52149,-13.2536,-10.5775,19.3669,201.1100,256.3400,77.8400,6.8769,8.7655,2.6617,0
52188,-22.1771,-5.6442,20.1377,255.9900,155.0500,61.6700,8.7535,5.3019,2.1088,0
52227,-19.7595,6.3144,24.2715,240.5900,-4.9000,97.7200,8.2269,-0.1676,3.3415,0
52266,-12.4733,15.0775,19.1778,105.2100,-116.9000,54.7400,3.5976,-3.9974,1.8718,0
52305,-2.5109,13.7203,15.2954,45.6400,-93.5900,36.9600,1.5607,-3.2003,1.2638,0
52344,-1.7115,9.0240,9.7804,-96.2500,-14.0000,46.4100,-3.2913,-0.4787,1.5870,0
52383,1.1130,2.2787,2.9897,-69.5800,-14.2800,28.6300,-2.3793,-0.4883,0.9790,0
52422,2.2309,-2.4200,-0.3279,-105.9800,50.6100,6.8600,-3.6240,1.7306,0.2346,0
52461,2.2045,-3.5402,-2.1399,-71.5400,55.5100,-33.3200,-2.4463,1.8982,-1.1394,0
52500,-0.9646,-0.8593,-1.6875,-35.2800,97.5800,-45.6400,-1.2064,3.3367,-1.5607,0
52539,-4.0596,2.1543,1.1585,-0.1400,94.9900,-52.7100,-0.0048,3.2482,-1.8024,0
52578,-5.4383,2.8221,5.1200,-5.1800,28.8400,-51.5200,-0.1771,0.9862,-1.7617,0
52617,-6.8841,0.7564,9.5506,-47.8100,-3.9900,-33.4600,-1.6349,-0.1364,-1.1442,0
52656,-10.0796,-1.1777,12.6719,-65.4500,-1.4700,2.0300,-2.2381,-0.0503,0.0694,0
52695,-13.1148,-5.5820,12.4852,-40.2500,-51.0300,-8.6100,-1.3763,-1.7450,-0.2944,0
52734,-10.9389,-8.1647,13.7156,-42.6300,-59.4300,-13.1600,-1.4577,-2.0322,-0.4500,0
52773,-7.1977,-6.1828,14.8549,62.6500,-122.2200,-30.3800,2.1423,-4.1793,-1.0388,0
52812,-1.8216,-4.7011,10.7355,113.1200,-63.4900,-33.1800,3.8681,-2.1710,-1.1346,0
52851,1.6372,-4.5862,11.1256,-24.6400,-34.1600,1.6100,-0.8426,-1.1681,0.0551,0
52890,1.4170,-3.4708,8.5309,6.6500,-23.1700,21.1400,0.2274,-0.7923,0.7229,0
52929,-0.8450,-3.1931,7.2049,5.7400,-7.7000,6.0900,0.1963,-0.2633,0.2082,0
52968,-1.7785,-2.8532,6.2067,14.2100,-4.3400,-30.1700,0.4859,-0.1484,-1.0317,0
53007,-0.8976,-2.5732,6.3671,35.8400,-28.8400,-23.1700,1.2255,-0.9862,-0.7923,0
53046,-0.4715,-2.7048,7.3389,34.9300,-60.8300,-2.5200,1.1944,-2.0801,-0.0862,0
53085,0.4668,-2.3529,8.6171,27.5100,-64.6100,13.0200,0.9407,-2.2093,0.4452,0
53124,2.6498,-1.3716,11.2310,27.7900,-41.5100,7.9100,0.9503,-1.4194,0.2705,0
53163,1.7569,-1.1561,11.8006,32.7600,-16.5900,-0.0700,1.1202,-0.5673,-0.0024,0
53202,0.2370,-0.0431,11.5972,16.2400,5.4600,1.6800,0.5553,0.1867,0.0574,0
53241,-0.2705,-0.1388,10.3597,-1.6800,1.8900,2.4500,-0.0574,0.0646,0.0838,0
53280,0.2011,-0.8952,9.8067,0.2100,-10.1500,1.8900,0.0072,-0.3471,0.0646,0
53319,0.9742,-1.1777,9.1629,-2.3100,-12.2500,-1.3300,-0.0790,-0.4189,-0.0455,0
53358,1.3692,-1.3476,8.6913,-4.9700,-4.2000,-3.0100,-0.1699,-0.1436,-0.1029,0
53397,0.9263,-1.5367,8.8948,-3.0800,8.3300,1.2600,-0.1053,0.2848,0.0431,0
53436,0.0383,-1.7330,9.4956,-3.2900,11.6200,4.2000,-0.1125,0.3973,0.1436,0
53475,-0.2537,-2.1160,9.9839,-4.2000,16.3800,4.8300,-0.1436,0.5601,0.1652,0
53514,-0.6176,-2.3960,10.1299,-0.9800,12.7400,3.0100,-0.0335,0.4356,0.1029,0
53553,-0.7899,-2.2213,10.1395,2.5900,8.3300,0.7700,0.0886,0.2848,0.0263,0
53592,-0.7181,-2.1543,9.7325,-1.1900,-0.8400,-1.5400,-0.0407,-0.0287,-0.0527,0
53631,-0.4715,-1.8838,9.5267,-2.7300,-4.3400,-2.0300,-0.0934,-0.1484,-0.0694,0
53670,-0.2513,-1.8407,9.3974,0.0700,-2.3800,0.2800,0.0024,-0.0814,0.0096,0
53709,-0.2226,-1.7545,9.2921,2.4500,-1.3300,1.3300,0.0838,-0.0455,0.0455,0
53748,-0.4500,-1.6660,9.5698,1.8900,-2.4500,1.1200,0.0646,-0.0838,0.0383,0
53787,-0.2489,-1.6253,9.6559,1.8200,-2.7300,1.6100,0.0622,-0.0934,0.0551,0
53826,-0.1795,-1.7545,9.8546,1.2600,-1.6100,1.1200,0.0431,-0.0551,0.0383,0
53865,-0.1029,-1.8551,9.7589,1.4000,-4.0600,0.0700,0.0479,-0.1388,0.0024,0
53904,-0.0981,-1.8000,9.6942,0.4900,-3.9900,-0.3500,0.0168,-0.1364,-0.0120,0
53943,0.0263,-1.8718,9.5051,0.5600,-2.8700,-0.0700,0.0191,-0.0981,-0.0024,0
53982,-0.1101,-1.7761,9.5506,0.4200,-0.2100,-0.4200,0.0144,-0.0072,-0.0144,0
54021,-0.0455,-1.8431,9.5291,0.6300,2.3800,0.2100,0.0215,0.0814,0.0072,0
54060,-0.1077,-1.7665,9.6033,2.0300,-0.0700,0.7000,0.0694,-0.0024,0.0239,0
54099,-0.0646,-1.8479,9.6200,0.7700,1.3300,0.2800,0.0263,0.0455,0.0096,0
54138,-0.2250,-1.6205,9.7325,1.9600,1.0500,0.2800,0.0670,0.0359,0.0096,0
54177,-0.1795,-1.6277,9.7828,1.2600,1.3300,1.4000,0.0431,0.0455,0.0479,0
54216,-0.0838,-1.7091,9.7134,0.7000,0.6300,1.1900,0.0239,0.0215,0.0407,0
54255,-0.0862,-1.8407,9.6176,-0.4200,0.4200,0.4200,-0.0144,0.0144,0.0144,0
54294,-0.1556,-1.7809,9.5506,1.2600,1.8200,0.4900,0.0431,0.0622,0.0168,0
54333,-0.1771,-1.7186,9.5913,1.1200,1.2600,0.7000,0.0383,0.0431,0.0239,0
54372,-0.2537,-1.7857,9.6536,-0.1400,2.1700,0.3500,-0.0048,0.0742,0.0120,0
54411,-0.4045,-1.7737,9.7206,0.0000,0.6300,0.7700,0.0000,0.0215,0.0263,0
54450,-0.3327,-1.7689,9.7206,0.9100,0.2100,1.1200,0.0311,0.0072,0.0383,0
54489,-0.1987,-1.7569,9.6583,0.9800,-1.8900,0.6300,0.0335,-0.0646,0.0215,0
54528,-0.1843,-1.7689,9.6224,-0.0700,-2.3800,0.1400,-0.0024,-0.0814,0.0048,0
54567,-0.2465,-1.7904,9.5865,0.3500,-0.9100,-0.0700,0.0120,-0.0311,-0.0024,0
54606,-0.1795,-1.8024,9.6536,0.8400,0.2100,0.2100,0.0287,0.0072,0.0072,0
54645,-0.1580,-1.6803,9.6703,1.1200,-2.0300,0.2800,0.0383,-0.0694,0.0096,0
54684,-0.1364,-1.6301,9.6440,1.0500,-0.1400,0.4200,0.0359,-0.0048,0.0144,0
54723,-0.1963,-1.6612,9.6966,0.0700,-0.3500,0.9100,0.0024,-0.0120,0.0311,0
54762,-0.1652,-1.7761,9.5817,0.2100,1.0500,0.7000,0.0072,0.0359,0.0239,0
54801,-0.2992,-1.7880,9.6344,0.0700,2.1000,0.1400,0.0024,0.0718,0.0048,0
54840,-0.3040,-1.7569,9.6799,0.2800,-0.1400,0.4200,0.0096,-0.0048,0.0144,0
54879,-0.1795,-1.7641,9.6105,0.9100,-1.9600,0.7700,0.0311,-0.0670,0.0263,0
54918,-0.2226,-1.7426,9.6200,-0.0700,0.5600,0.0700,-0.0024,0.0191,0.0024,0
54957,-0.3207,-1.7713,9.6703,0.4200,0.4900,0.4200,0.0144,0.0168,0.0144,0
54996,-0.2274,-1.8287,9.6536,1.0500,-1.5400,0.7000,0.0359,-0.0527,0.0239,0
55035,-0.2059,-1.7689,9.6224,1.5400,-0.9800,0.1400,0.0527,-0.0335,0.0048,0
55074,-0.2801,-1.6827,9.6966,1.1900,-1.8200,-0.3500,0.0407,-0.0622,-0.0120,0
55113,-0.2322,-1.6253,9.6847,1.0500,-3.0100,-0.1400,0.0359,-0.1029,-0.0048,0
55152,-0.1293,-1.6325,9.6559,0.3500,-1.8900,0.4900,0.0120,-0.0646,0.0168,0
55191,-0.1101,-1.7354,9.5817,1.1900,-0.3500,0.7700,0.0407,-0.0120,0.0263,0
55230,-0.1508,-1.7785,9.6799,0.4200,0.2100,-0.1400,0.0144,0.0072,-0.0048,0
55269,-0.2226,-1.7521,9.6631,0.4900,-1.8900,-0.8400,0.0168,-0.0646,-0.0287,0
55308,-0.1628,-1.6995,9.6416,1.1200,-0.1400,-0.1400,0.0383,-0.0048,-0.0048,0
55347,-0.3040,-1.6923,9.6966,0.9100,-0.0700,0.4900,0.0311,-0.0024,0.0168,0
55386,-0.2178,-1.7115,9.6775,0.2100,-2.1000,0.3500,0.0072,-0.0718,0.0120,0
55425,-0.1604,-1.6827,9.6200,1.1200,-1.4000,0.3500,0.0383,-0.0479,0.0120,0
55464,-0.0790,-1.7306,9.6918,0.2100,-0.8400,0.2100,0.0072,-0.0287,0.0072,0
55503,-0.1652,-1.7378,9.6296,0.7000,-2.2400,-0.4200,0.0239,-0.0766,-0.0144,0
55542,-0.1795,-1.6612,9.6296,0.9800,0.0700,-0.4900,0.0335,0.0024,-0.0168,0
55581,-0.1556,-1.6684,9.6153,0.7700,-0.5600,0.4200,0.0263,-0.0191,0.0144,0
55620,-0.1053,-1.7043,9.4980,-0.9100,0.5600,0.9800,-0.0311,0.0191,0.0335,0
55659,-0.2059,-1.7378,9.6033,0.6300,-0.0700,1.1200,0.0215,-0.0024,0.0383,0
55698,-0.1412,-1.7426,9.6799,1.4700,-0.0700,0.9100,0.0503,-0.0024,0.0311,0
55737,-0.2154,-1.7402,9.7182,1.1900,0.1400,-0.2100,0.0407,0.0048,-0.0072,0
55776,-0.2226,-1.6827,9.7589,0.1400,-0.6300,-0.4200,0.0048,-0.0215,-0.0144,0
55815,-0.1484,-1.6827,9.6153,1.1200,0.4200,0.7000,0.0383,0.0144,0.0239,0
55854,-0.1077,-1.7186,9.6057,0.0000,0.9100,1.1200,0.0000,0.0311,0.0383,0
55893,-0.1077,-1.7115,9.5889,0.4200,-0.3500,0.7000,0.0144,-0.0120,0.0239,0
55932,-0.1652,-1.6420,9.6081,0.3500,0.7000,0.2100,0.0120,0.0239,0.0072,0
55971,-0.1293,-1.7186,9.6847,-0.0700,0.8400,0.4900,-0.0024,0.0287,0.0168,0
56010,-0.2250,-1.8144,9.6871,0.7000,2.1000,0.0700,0.0239,0.0718,0.0024,0
56049,-0.3184,-1.6923,9.7158,0.9800,1.8200,0.6300,0.0335,0.0622,0.0215,0
56088,-0.3375,-1.7761,9.8331,0.7700,-1.1200,1.4700,0.0263,-0.0383,0.0503,0
56127,-0.2322,-2.5325,12.8108,30.5900,-10.4300,3.9900,1.0460,-0.3567,0.1364,0
56166,-1.1059,-6.3934,7.7458,28.8400,-18.8300,5.6000,0.9862,-0.6439,0.1915,0
56205,-1.8646,3.4804,13.5145,132.0200,141.7500,-14.0000,4.5144,4.8471,-0.4787,0
56244,3.2266,4.3277,11.3794,-7.0000,-111.0200,-38.6400,-0.2394,-3.7963,-1.3213,0
56283,4.1937,-0.8067,7.5448,-117.0400,-10.2900,-12.2500,-4.0022,-0.3519,-0.4189,0
56322,-0.5146,-1.8599,8.4711,-34.8600,32.0600,-10.6400,-1.1920,1.0963,-0.3638,0
56361,-3.6910,-3.0830,8.9402,-20.6500,52.9200,0.9100,-0.7061,1.8096,0.0311,0
56400,-3.3559,-2.2668,8.3730,5.9500,-11.5500,34.3700,0.2035,-0.3950,1.1753,0
56439,-1.5559,0.3662,9.6727,19.0400,-29.8200,35.9800,0.6511,-1.0197,1.2303,0
56478,0.2968,-2.0490,10.1634,15.8900,-24.1500,3.7800,0.5434,-0.8258,0.1293,0
56517,1.4673,-1.6037,9.0144,13.5100,22.8200,-15.2600,0.4620,0.7803,-0.5218,0
56556,-1.6564,-1.0867,9.4238,-8.3300,31.7100,-6.7200,-0.2848,1.0843,-0.2298,0
56595,-3.3702,-1.0628,9.3137,-39.5500,-3.5000,0.0700,-1.3524,-0.1197,0.0024,0
56634,-1.9652,-1.8431,9.7661,-20.0900,-21.2800,5.8100,-0.6870,-0.7277,0.1987,0
56673,-0.2418,-2.4607,9.7014,-7.9100,-23.2400,11.3400,-0.2705,-0.7947,0.3878,0
56712,0.6056,-2.3027,9.7708,4.2000,-16.8700,10.3600,0.1436,-0.5769,0.3543,0
56751,0.1245,-1.7450,10.2855,31.3600,9.5900,6.1600,1.0724,0.3279,0.2106,0
56790,-0.3495,-1.1872,10.2376,52.0800,19.1100,2.5200,1.7809,0.6535,0.0862,0
56829,-0.5697,-1.0724,10.1083,11.6200,-2.2400,0.9800,0.3973,-0.0766,0.0335,0
56868,-0.4045,-1.1657,9.7206,-19.9500,-16.8000,-1.4000,-0.6822,-0.5745,-0.0479,0
56907,-0.3495,-1.3883,9.3950,-14.3500,-10.8500,-3.0800,-0.4907,-0.3710,-0.1053,0
56946,-0.3351,-1.3021,9.4597,11.9000,2.2400,-2.0300,0.4069,0.0766,-0.0694,0
56985,-0.4548,-1.0532,9.6775,20.0900,11.5500,-0.6300,0.6870,0.3950,-0.0215,0
57024,-0.6702,-1.0843,9.8139,17.7100,7.5600,0.9100,0.6056,0.2585,0.0311,0
57063,-1.0269,-1.1489,10.0581,15.6100,6.2300,-0.0700,0.5338,0.2130,-0.0024,0
57102,-1.0077,-1.2136,9.8833,2.5200,-7.2100,-3.4300,0.0862,-0.2465,-0.1173,0
57141,-0.7731,-1.3189,9.5267,-9.2400,-13.4400,-3.9200,-0.3160,-0.4596,-0.1340,0
57180,-0.3231,-0.8665,10.0916,-13.5800,-14.4900,0.1400,-0.4644,-0.4955,0.0048,0
57219,-0.0311,-0.9718,10.0030,-4.9000,-13.7900,6.5100,-0.1676,-0.4715,0.2226,0
57258,0.7684,0.1867,10.4363,-1.8900,-2.9400,4.9000,-0.0646,-0.1005,0.1676,0
57297,0.9862,-0.5721,9.3974,-23.8700,-15.5400,7.7000,-0.8162,-0.5314,0.2633,0
57336,0.5386,-0.7971,9.4309,-34.7200,-6.0200,8.5400,-1.1872,-0.2059,0.2920,0
57375,-0.8665,-2.9729,9.1389,-2.3100,31.2900,-2.8000,-0.0790,1.0700,-0.0957,0
57414,-1.5439,-0.4548,10.1945,56.2100,45.9900,-23.8700,1.9221,1.5726,-0.8162,0
57453,-0.6463,-1.7713,10.1012,-17.7100,-9.5200,-19.1100,-0.6056,-0.3255,-0.6535,0
57492,-0.4476,-2.2572,9.5075,-18.4800,-17.2200,-0.4200,-0.6319,-0.5888,-0.0144,0
57531,-1.0891,-1.3716,9.6488,-11.6900,4.4100,13.3000,-0.3997,0.1508,0.4548,0
57570,-1.5990,-2.2428,8.7033,-4.3400,-6.0200,11.7600,-0.1484,-0.2059,0.4021,0
57609,-0.2968,-2.1303,8.9809,9.3800,-20.0900,3.5000,0.3207,-0.6870,0.1197,0
57648,1.5391,-0.7013,9.6847,6.9300,0.3500,3.9900,0.2370,0.0120,0.1364,0
57687,1.2854,-0.7588,10.7498,-5.2500,16.9400,6.3000,-0.1795,0.5793,0.2154,0
57726,0.6774,-1.6444,9.6105,-6.0900,19.2500,0.2100,-0.2082,0.6583,0.0072,0
57765,0.7827,-1.7378,9.8307,-1.7500,30.6600,-5.9500,-0.0598,1.0484,-0.2035,0
57804,0.0622,-0.5840,10.0533,3.9200,35.1400,-8.6800,0.1340,1.2016,-0.2968,0
57843,-0.3686,-0.7803,9.3687,-39.0600,36.8200,-17.1500,-1.3357,1.2591,-0.5864,0
57882,-0.2322,-1.5702,9.1533,-66.0800,58.0300,-18.4100,-2.2596,1.9843,-0.6295,0
57921,-2.2285,-3.2482,9.0623,-41.3000,74.9700,-13.9300,-1.4122,2.5636,-0.4763,0
57960,-3.4827,-3.4708,8.0953,-33.0400,63.6300,-12.5300,-1.1298,2.1758,-0.4285,0
57999,-4.5120,-3.3679,8.2772,-18.9700,44.1700,-8.6800,-0.6487,1.5104,-0.2968,0
58038,-3.7963,-2.6019,8.4041,-13.3700,19.3200,4.2700,-0.4572,0.6606,0.1460,0
58077,-2.6067,-2.0801,8.2126,-16.3800,16.0300,10.5000,-0.5601,0.5481,0.3590,0
58116,-1.9317,-2.5253,7.9421,-23.1700,34.3700,6.5100,-0.7923,1.1753,0.2226,0
58155,-3.5019,-3.8609,7.6716,-20.7900,54.5300,-4.1300,-0.7109,1.8646,-0.1412,0
58194,-5.0602,-4.5168,8.3418,-8.4700,47.5300,-10.5000,-0.2896,1.6253,-0.3590,0
58233,-4.7610,-3.5091,8.3897,-2.5900,35.4200,-8.6800,-0.0886,1.2112,-0.2968,0
58272,-3.9088,-2.8556,8.0881,-4.0600,18.7600,2.7300,-0.1388,0.6415,0.0934,0
58311,-3.2554,-3.0423,7.7339,-2.5200,23.1700,2.5200,-0.0862,0.7923,0.0862,0
58350,-4.5503,-3.7173,7.9253,-15.5400,30.8000,-3.9900,-0.5314,1.0532,-0.1364,0
58389,-5.9650,-4.1817,7.6429,-6.0900,18.6900,-6.5100,-0.2082,0.6391,-0.2226,0
58428,-5.5844,-3.7054,8.3370,-0.7700,9.8000,-10.0800,-0.0263,0.3351,-0.3447,0
58467,-4.4881,-3.4205,7.5926,-14.5600,21.4200,-10.0800,-0.4979,0.7325,-0.3447,0
58506,-4.3445,-3.6240,7.2479,-12.4600,17.0800,-8.7500,-0.4261,0.5840,-0.2992,0
58545,-4.0668,-3.3918,7.2791,-9.7300,12.8100,-2.9400,-0.3327,0.4380,-0.1005,0
58584,-4.7897,-3.7125,7.0876,-24.2900,40.3900,7.7000,-0.8306,1.3811,0.2633,0
58623,-5.5054,-4.1266,6.4652,-32.8300,73.0100,8.9600,-1.1226,2.4966,0.3064,0
58662,-7.0349,-5.4120,6.5251,-31.7100,84.3500,7.9800,-1.0843,2.8843,0.2729,0
58701,-7.8727,-5.5844,6.6783,5.1800,16.3100,-5.7400,0.1771,0.5577,-0.1963,0
58740,-4.5503,-3.5713,6.4245,26.0400,-88.2000,-15.4000,0.8904,-3.0160,-0.5266,0
58779,-3.5713,-2.4248,7.0277,-15.7500,-2.4500,-3.9200,-0.5386,-0.0838,-0.1340,0
58818,-4.7610,-2.7024,6.4102,-16.4500,82.5300,6.5800,-0.5625,2.8221,0.2250,0
58857,-6.1493,-5.1008,6.3431,-55.5800,193.0600,17.1500,-1.9006,6.6017,0.5864,0
58896,-8.3610,-6.3384,5.7519,28.3500,86.3100,9.5200,0.9694,2.9514,0.3255,0
58935,-7.9158,-6.1588,5.7878,31.2200,19.6000,-3.8500,1.0676,0.6702,-0.1317,0
58974,-7.0229,-5.1463,5.8429,7.4200,-32.1300,-12.5300,0.2537,-1.0987,-0.4285,0
59013,-6.2354,-3.4612,5.7064,16.5200,-2.3100,-10.4300,0.5649,-0.0790,-0.3567,0
59052,-6.8626,-2.7287,6.1373,14.8400,45.7100,-16.5900,0.5075,1.5630,-0.5673,0
59091,-7.3341,-2.9250,5.7567,39.4800,70.6300,-15.1200,1.3500,2.4152,-0.5170,0
59130,-6.6783,-4.1171,5.3306,17.4300,24.0100,-12.6000,0.5960,0.8210,-0.4309,0
59169,-6.9607,-4.6006,5.6083,13.0200,-2.5900,-24.5000,0.4452,-0.0886,-0.8378,0
59208,-6.5801,-4.5886,4.9955,15.1200,-22.4700,-21.7700,0.5170,-0.7684,-0.7444,0
59247,-7.2336,-4.4713,4.9907,22.9600,-25.6200,-14.2100,0.7851,-0.8761,-0.4859,0
59286,-7.3485,-4.7227,5.5221,15.6800,-25.5500,-23.7300,0.5362,-0.8737,-0.8114,0
59325,-6.6447,-4.8758,5.7782,3.0100,-22.4000,-22.5400,0.1029,-0.7660,-0.7708,0
59364,-6.8937,-5.4695,5.2995,-6.5800,-16.5900,-17.7100,-0.2250,-0.5673,-0.6056,0
59403,-7.4418,-5.9769,5.2325,-9.5200,5.0400,-27.5100,-0.3255,0.1723,-0.9407,0
59442,-7.8464,-5.9410,5.6921,16.9400,21.4900,-33.6000,0.5793,0.7348,-1.1489,0
59481,-8.1168,-5.9290,5.7926,12.3900,-0.5600,-28.8400,0.4237,-0.0191,-0.9862,0
59520,-7.8823,-5.5389,5.5173,25.4800,-11.8300,-26.3200,0.8713,-0.4045,-0.9000,0
59559,-7.5495,-5.6777,5.1942,30.3800,-22.7500,-27.4400,1.0388,-0.7779,-0.9383,0
59598,-6.7477,-4.9141,6.0870,33.8800,-37.5900,-31.5700,1.1585,-1.2854,-1.0795,0
59637,-5.9817,-5.7017,6.5299,-8.1200,-59.9200,-37.5200,-0.2777,-2.0490,-1.2830,0
59676,-6.3144,-5.7352,7.2767,-14.9100,-65.5200,-31.2900,-0.5098,-2.2404,-1.0700,0
59715,-6.1325,-6.6591,7.6261,2.8700,-66.8500,-23.2400,0.0981,-2.2859,-0.7947,0
59754,-5.1344,-6.3288,8.1073,15.4700,-74.9700,-20.9300,0.5290,-2.5636,-0.7157,0
59793,-4.1745,-5.6969,8.1025,18.5500,-76.2300,-12.1100,0.6343,-2.6067,-0.4141,0
59832,-3.9447,-5.5580,8.0857,15.4000,-72.9400,-4.2000,0.5266,-2.4942,-0.1436,0
59871,-1.7569,-5.1918,8.5716,17.0100,-74.2700,-2.9400,0.5817,-2.5397,-0.1005,0
59910,-1.0580,-5.3737,9.3567,-0.6300,-62.7900,-8.2600,-0.0215,-2.1471,-0.2824,0
59949,-0.9455,-5.9697,9.7613,-5.6000,-52.7800,-8.1200,-0.1915,-1.8048,-0.2777,0
59988,-0.5051,-5.3306,10.3262,10.0100,-50.7500,-2.8000,0.3423,-1.7354,-0.0957,0
60027,-0.6678,-6.7932,10.2400,16.0300,-43.2600,-11.2700,0.5481,-1.4793,-0.3854,0
60066,-0.1245,-6.6112,8.0714,85.3300,-70.2100,-22.5400,2.9178,-2.4008,-0.7708,0
60105,-0.0144,-3.7221,5.8764,120.6800,-31.9900,-37.3800,4.1266,-1.0939,-1.2782,0
60144,-1.7115,-0.2777,6.7309,103.2500,-37.3800,-41.9300,3.5306,-1.2782,-1.4338,0
60183,-1.3835,3.2577,4.5838,82.2500,-32.2000,-32.4800,2.8125,-1.1011,-1.1106,0
60222,-2.0849,5.9937,5.9961,44.6600,-30.3100,-13.6500,1.5271,-1.0364,-0.4668,0
60261,-1.2303,5.8572,4.9213,-13.9300,-12.5300,29.0500,-0.4763,-0.4285,0.9934,0
60300,-0.7636,0.4141,5.0314,-74.4100,-4.8300,29.0500,-2.5444,-0.1652,0.9934,0
60339,-0.9742,-4.1410,6.5705,-93.3800,-9.1000,35.9100,-3.1931,-0.3112,1.2279,0
60378,-1.9245,-3.5258,8.9570,-60.4800,-9.4500,42.4900,-2.0681,-0.3231,1.4529,0
60417,-2.1950,-2.2500,10.2352,-34.0200,-17.0100,52.0100,-1.1633,-0.5817,1.7785,0
60456,-0.3973,-2.4774,8.2628,-45.5000,-36.8900,39.3400,-1.5559,-1.2614,1.3452,0
60495,0.5817,-6.2953,10.1466,-83.0900,-60.3400,39.0600,-2.8413,-2.0633,1.3357,0
60534,3.9878,-6.8147,7.3724,-70.6300,-58.3100,36.3300,-2.4152,-1.9939,1.2423,0
60573,3.3535,-7.8296,7.4490,-80.2200,-40.1100,40.8800,-2.7431,-1.3716,1.3979,0
60612,2.9729,-7.7099,7.7530,-84.6300,-23.3100,40.8100,-2.8939,-0.7971,1.3955,0
60651,1.7904,-9.5602,6.2977,-97.5100,-33.6700,33.1800,-3.3343,-1.1513,1.1346,0
60690,0.9694,-10.3716,6.6376,-87.6400,-35.0700,39.0600,-2.9968,-1.1992,1.3357,0
60729,1.7067,-9.0910,4.9453,-68.3200,-41.9300,50.0500,-2.3362,-1.4338,1.7115,0
60768,1.8407,-10.4482,3.5402,-75.2500,-36.1200,64.4000,-2.5732,-1.2351,2.2021,0
60807,0.7971,-9.8043,5.2540,-71.8900,-19.0400,79.3800,-2.4583,-0.6511,2.7144,0
60846,1.3357,-8.8254,2.9968,-44.3100,2.7300,76.4400,-1.5152,0.0934,2.6139,0
60885,-0.4811,-9.4549,4.5312,-57.3300,10.0100,51.9400,-1.9604,0.3423,1.7761,0
60924,-0.2824,-8.6698,3.2673,-38.2900,13.5100,36.6800,-1.3093,0.4620,1.2543,0
60963,-0.1221,-7.3676,3.8442,-31.1500,-2.5900,20.9300,-1.0652,-0.0886,0.7157,0
61002,-0.4596,-5.7639,3.5665,-47.6000,13.7200,14.7000,-1.6277,0.4692,0.5027,0
61041,-1.6085,-6.3671,4.2774,-51.5200,23.2400,7.3500,-1.7617,0.7947,0.2513,0
61080,-1.8359,-7.5280,3.3319,-64.4700,15.9600,-6.5100,-2.2045,0.5457,-0.2226,0
61119,-1.9676,-7.5926,3.6455,-69.7200,-6.4400,-22.4700,-2.3841,-0.2202,-0.7684,0
61158,-0.6678,-8.3275,2.7623,-51.1700,-4.5500,-31.7800,-1.7498,-0.1556,-1.0867,0
61197,-0.5529,-9.7613,2.7766,-34.4400,2.5200,-32.7600,-1.1777,0.0862,-1.1202,0
61236,-1.3093,-9.6416,3.2434,-39.1300,15.6100,-25.6200,-1.3380,0.5338,-0.8761,0
61275,-0.9862,-11.6977,2.7264,-32.9000,25.4100,-14.5600,-1.1250,0.8689,-0.4979,0
61314,-0.8114,-13.3206,1.1489,-28.7000,22.6800,-21.0000,-0.9814,0.7755,-0.7181,0
61353,-1.2279,-12.5834,2.6737,1.3300,31.8500,-29.2600,0.0455,1.0891,-1.0005,0
61392,0.8019,-11.2166,3.2673,8.6800,28.0000,-38.0100,0.2968,0.9575,-1.2997,0
61431,1.5032,-11.9682,2.4822,-17.2200,27.7900,-59.5000,-0.5888,0.9503,-2.0346,0
61470,2.5349,-12.5594,1.2567,-31.2200,41.9300,-99.6100,-1.0676,1.4338,-3.4062,0
61509,1.3739,-12.2267,-1.0341,-32.1300,63.9100,-91.5600,-1.0987,2.1854,-3.1309,0
61548,-0.6247,-10.9413,1.3069,-24.6400,25.5500,-67.6200,-0.8426,0.8737,-2.3123,0
61587,1.5487,-11.2860,1.6803,-22.6100,-32.1300,-36.0500,-0.7731,-1.0987,-1.2327,0
61626,3.1716,-12.4469,-0.2561,-8.9600,-39.8300,-38.0100,-0.3064,-1.3620,-1.2997,0
61665,3.5761,-11.1568,-0.4620,-9.5900,-36.7500,-54.8100,-0.3279,-1.2567,-1.8742,0
61704,3.8538,-10.4171,0.0838,-9.8000,-27.1600,-66.0800,-0.3351,-0.9287,-2.2596,0
61743,3.6623,-10.0294,-0.7277,-14.2800,-30.0300,-66.1500,-0.4883,-1.0269,-2.2620,0
61782,3.9639,-8.1862,-0.8067,-29.6100,13.7200,-70.7700,-1.0125,0.4692,-2.4200,0
61821,6.1014,-7.7961,-0.4428,10.7800,-11.6200,-63.0000,0.3686,-0.3973,-2.1543,0
61860,4.9955,-6.3264,-0.9096,-3.1500,-6.4400,-63.0700,-0.1077,-0.2202,-2.1567,0
61899,4.4953,-4.9836,-0.7037,-29.8200,15.9600,-54.6000,-1.0197,0.5457,-1.8670,0
61938,4.5024,-5.7280,-0.3279,-46.1300,17.7800,-41.5800,-1.5774,0.6080,-1.4218,0
61977,4.7490,-6.8602,-0.1173,-25.1300,4.4800,-40.9500,-0.8593,0.1532,-1.4003,0
62016,4.8902,-6.6663,0.3040,-5.7400,-9.5900,-38.6400,-0.1963,-0.3279,-1.3213,0
62055,5.1774,-6.3551,-0.1580,8.2600,-27.7200,-28.2100,0.2824,-0.9479,-0.9646,0
62094,5.5245,-6.4054,-1.1035,16.8700,-31.2200,-15.6100,0.5769,-1.0676,-0.5338,0
62133,5.7974,-7.1330,-0.7325,15.5400,-25.6200,-15.5400,0.5314,-0.8761,-0.5314,0
62172,5.9602,-6.4365,-1.0676,21.9100,-34.1600,-20.5800,0.7492,-1.1681,-0.7037,0
62211,6.1804,-5.3833,-1.2471,17.2200,-30.5200,-15.4700,0.5888,-1.0436,-0.5290,0
62250,7.6764,-7.4562,-1.1801,31.9900,-9.4500,-32.2700,1.0939,-0.3231,-1.1035,0
62289,7.4586,-7.5615,-0.6223,41.3700,-16.8700,-30.4500,1.4146,-0.5769,-1.0412,0
62328,5.2876,-7.2001,-2.7192,35.2100,-29.1200,-20.8600,1.2040,-0.9958,-0.7133,0
62367,4.9117,-6.7836,-3.7652,45.4300,-53.2700,3.8500,1.5535,-1.8216,0.1317,0
62406,4.8758,-7.4059,-3.2721,92.4000,-40.9500,32.9000,3.1596,-1.4003,1.1250,0
62445,4.7059,-6.3384,-2.5564,112.9800,-18.2700,36.6800,3.8633,-0.6247,1.2543,0
62484,5.6035,-6.6256,-1.2327,106.9600,-1.4700,44.5900,3.6575,-0.0503,1.5247,0
62523,6.4078,-6.5753,1.2088,89.8800,-41.3000,63.2800,3.0734,-1.4122,2.1639,0
62562,8.4280,-7.5687,1.0364,81.4100,-104.7200,80.1500,2.7838,-3.5809,2.7407,0
62601,7.9325,-6.5514,0.2346,79.8000,-110.6000,45.7800,2.7287,-3.7820,1.5654,0
62640,5.0793,-5.7735,-0.1053,9.7300,-76.1600,43.1200,0.3327,-2.6043,1.4745,0
62679,3.5929,-7.5041,0.5338,-10.5700,-100.5200,82.4600,-0.3614,-3.4373,2.8197,0
62718,3.8609,-10.5919,3.1596,30.1700,-121.9400,77.8400,1.0317,-4.1697,2.6617,0
62757,6.1445,-10.2759,0.7947,58.5900,-116.7600,34.8600,2.0035,-3.9926,1.1920,0
62796,5.7974,-10.5631,0.1149,10.4300,-136.0100,21.9100,0.3567,-4.6508,0.7492,0
62835,4.4234,-9.6607,0.3327,3.1500,-101.7100,36.6100,0.1077,-3.4780,1.2519,0
62874,4.0764,-10.6732,0.2298,15.1900,-97.6500,42.1400,0.5194,-3.3391,1.4410,0
62913,3.6982,-11.6642,-0.7013,42.6300,-103.5300,30.8000,1.4577,-3.5402,1.0532,0
62952,3.0926,-10.2113,-0.6894,70.0700,-90.9300,19.6700,2.3960,-3.1093,0.6726,0
62991,2.3721,-8.6602,-0.3040,75.5300,-65.0300,8.8200,2.5827,-2.2237,0.3016,0
63030,1.4338,-7.6429,-0.2513,38.2900,-60.6200,-7.4200,1.3093,-2.0729,-0.2537,0
63069,-0.1197,-7.8727,-1.3261,16.5200,-56.1400,-34.5100,0.5649,-1.9197,-1.1801,0
63108,-1.5654,-7.6261,-1.2686,-4.4800,-51.1700,-64.4700,-0.1532,-1.7498,-2.2045,0
63147,-2.0011,-6.7716,-1.5008,2.8000,-100.2400,-79.8000,0.0957,-3.4277,-2.7287,0
63186,1.9006,-5.4551,-0.6822,-2.8700,-118.2300,-74.9000,-0.0981,-4.0429,-2.5612,0
63225,12.6001,-8.7990,-1.1035,0.2100,-89.3200,-26.4600,0.0072,-3.0543,-0.9048,0
63264,12.3895,-9.0144,-2.2452,35.9800,-36.2600,-10.0100,1.2303,-1.2399,-0.3423,0
63303,8.1336,-9.3208,-0.9048,-30.1000,2.8000,-41.1600,-1.0293,0.0957,-1.4075,0
63342,6.1684,-9.6559,-1.2830,-67.6200,11.8300,-38.3600,-2.3123,0.4045,-1.3117,0
63381,7.6716,-10.1442,-2.1040,-15.0500,-7.0000,-23.0300,-0.5146,-0.2394,-0.7875,0
63420,7.0995,-9.3424,-2.7623,17.7100,10.5000,-28.8400,0.6056,0.3590,-0.9862,0
63459,6.4365,-8.0474,-0.8833,19.3200,6.5100,-30.9400,0.6606,0.2226,-1.0580,0
63498,7.2432,-6.5346,-0.7492,8.7500,-17.0100,-28.4200,0.2992,-0.5817,-0.9718,0
63537,7.3413,-5.3522,-1.4290,23.4500,-22.1200,-34.0200,0.8019,-0.7564,-1.1633,0
63576,6.8554,-5.1631,-2.1423,14.9800,-11.0600,-38.9200,0.5122,-0.3782,-1.3309,0
63615,7.0445,-4.8806,-1.4912,-4.5500,-5.3900,-30.4500,-0.1556,-0.1843,-1.0412,0
63654,7.1594,-5.5341,-1.6732,13.0200,6.1600,-28.8400,0.4452,0.2106,-0.9862,0
63693,6.0009,-5.6753,-1.3189,-9.1000,-13.8600,-28.1400,-0.3112,-0.4739,-0.9622,0
63732,6.1421,-5.0554,-1.4266,-17.0100,-27.2300,-25.9000,-0.5817,-0.9311,-0.8856,0
63771,6.7309,-6.5155,-2.9155,7.1400,-28.4200,-21.2800,0.2442,-0.9718,-0.7277,0
63810,5.9506,-8.0737,-2.3386,17.8500,-5.2500,-12.1100,0.6104,-0.1795,-0.4141,0
63849,6.9511,-8.3155,-2.1208,48.5800,-19.5300,-1.3300,1.6612,-0.6678,-0.0455,0
63888,8.1408,-7.9995,-3.3200,59.5000,-41.4400,-18.0600,2.0346,-1.4170,-0.6176,0
63927,8.2820,-7.2479,-3.3439,49.9100,-45.9900,-15.6800,1.7067,-1.5726,-0.5362,0
63966,8.3035,-8.4113,-2.3697,44.8700,-37.5200,-7.6300,1.5343,-1.2830,-0.2609,0
64005,7.4203,-8.3969,-3.1811,57.9600,-34.0200,-7.2800,1.9819,-1.1633,-0.2489,0
64044,6.5394,-8.2245,-2.9873,90.1600,-33.5300,-5.3900,3.0830,-1.1466,-0.1843,0
64083,6.3527,-7.6309,-2.4870,97.4400,-25.8300,-3.7100,3.3319,-0.8833,-0.1269,0
64122,6.4628,-6.1828,-2.1279,116.9700,-1.0500,5.6000,3.9998,-0.0359,0.1915,0
64161,6.7932,-7.3748,-1.2806,118.3700,17.9900,24.7100,4.0476,0.6152,0.8450,0
64200,7.4562,-7.3963,-1.2782,126.5600,-77.5600,33.0400,4.3277,-2.6522,1.1298,0
64239,7.1905,-6.3312,-0.4261,75.9500,-60.7600,26.4600,2.5971,-2.0777,0.9048,0
64278,7.1977,-4.9405,-0.6391,53.4800,-51.5900,32.3400,1.8287,-1.7641,1.1059,0
64317,6.6711,-4.4498,-0.9742,22.6800,-46.4100,49.2800,0.7755,-1.5870,1.6851,0
64356,5.5676,-5.9745,-0.1484,-15.4000,-59.4300,68.9500,-0.5266,-2.0322,2.3577,0
64395,2.3793,-8.4472,2.6952,-30.9400,-105.4900,87.3600,-1.0580,-3.6072,2.9873,0
64434,1.5918,-10.9150,3.6910,26.6000,-94.3600,74.1300,0.9096,-3.2266,2.5349,0
64473,5.4024,-7.3102,0.4380,49.4900,-83.0200,50.6100,1.6923,-2.8389,1.7306,0
64512,8.2844,-10.2280,-1.2519,37.0300,-88.3400,54.9500,1.2662,-3.0208,1.8790,0
64551,5.0913,-10.1059,0.7971,18.6900,-55.1600,45.4300,0.6391,-1.8862,1.5535,0
64590,3.4038,-10.6685,1.1298,32.5500,-53.2700,39.4100,1.1130,-1.8216,1.3476,0
64629,3.0567,-10.5871,0.2011,52.0800,-42.0700,37.1000,1.7809,-1.4386,1.2686,0
64668,2.8700,-10.1825,-1.3021,44.8000,-42.4200,19.6000,1.5319,-1.4505,0.6702,0
64707,0.1652,-9.4190,-1.2782,42.1400,-48.2300,-10.3600,1.4410,-1.6492,-0.3543,0
64746,-2.6282,-7.7793,-1.1968,38.2900,-69.5100,-44.6600,1.3093,-2.3769,-1.5271,0
64785,-2.4726,-5.6801,-2.3338,31.7100,-103.3200,-74.4100,1.0843,-3.5330,-2.5444,0
64824,-2.2500,-3.0016,-1.5535,10.2900,-128.3100,-88.2000,0.3519,-4.3875,-3.0160,0
64863,4.0883,-1.8455,-2.2811,-26.1100,-115.3600,-82.3900,-0.8928,-3.9447,-2.8173,0
64902,15.5563,-9.9958,-0.7085,-3.0800,39.6900,3.2900,-0.1053,1.3572,0.1125,0
64941,9.5817,-9.7565,0.7444,-64.2600,37.1000,-64.1900,-2.1974,1.2686,-2.1950,0
64980,5.4288,-10.9485,-0.4356,-35.4200,-38.2900,-55.5100,-1.2112,-1.3093,-1.8982,0
65019,7.7937,-9.8714,-0.2561,-21.0700,-21.6300,-17.4300,-0.7205,-0.7396,-0.5960,0
65058,10.0198,-7.9684,-1.4003,7.2800,-31.0800,-35.9800,0.2489,-1.0628,-1.2303,0
65097,10.2328,-7.6884,-3.4851,-49.0700,-67.5500,-75.7400,-1.6779,-2.3099,-2.5899,0
65136,8.0474,-7.5495,-2.7287,-60.0600,-48.0900,-87.8500,-2.0537,-1.6444,-3.0040,0
65175,8.5333,-7.6884,-2.3721,-36.8900,-23.1700,-81.0600,-1.2614,-0.7923,-2.7718,0
65214,8.2317,-5.9482,-2.5492,-38.5000,16.6600,-87.7100,-1.3165,0.5697,-2.9992,0
65253,6.3120,-4.3062,-2.3147,22.8900,16.9400,-62.0900,0.7827,0.5793,-2.1232,0
65292,5.6897,-4.5072,-1.8766,49.3500,4.3400,-29.8200,1.6875,0.1484,-1.0197,0
65331,8.0283,-4.7203,-1.8335,46.4800,-12.6700,-24.7100,1.5894,-0.4332,-0.8450,0
65370,7.8081,-3.9375,-3.1093,80.6400,-16.1000,-52.2200,2.7575,-0.5505,-1.7857,0
65409,6.7118,-2.8389,-0.3638,44.1700,10.7800,-45.5700,1.5104,0.3686,-1.5583,0
65448,6.0463,-2.3936,-0.3758,59.7100,5.8100,-29.4700,2.0418,0.1987,-1.0077,0
65487,7.0804,-4.0093,-1.4601,56.4900,-34.9300,-18.0600,1.9317,-1.1944,-0.6176,0
65526,8.4256,-4.9046,-2.1303,51.3800,-64.4000,-12.8800,1.7569,-2.2021,-0.4404,0
65565,10.0844,-4.2966,-3.0208,45.5700,-51.3100,-19.4600,1.5583,-1.7545,-0.6654,0
65604,8.8948,-3.2697,-3.1716,33.3900,-8.9600,-21.3500,1.1418,-0.3064,-0.7301,0
65643,7.8009,-4.8591,-2.6139,26.2500,-6.0200,-13.0200,0.8976,-0.2059,-0.4452,0
65682,9.4142,-7.8847,-2.3793,42.7700,-19.0400,3.8500,1.4625,-0.6511,0.1317,0
65721,8.5166,-7.0182,-2.8293,62.7900,-17.0800,-1.1200,2.1471,-0.5840,-0.0383,0
65760,9.5458,-6.5083,-3.3655,78.4000,-22.7500,0.3500,2.6809,-0.7779,0.0120,0
65799,9.6320,-6.4150,-3.9926,73.4300,-1.6100,-3.5000,2.5109,-0.0551,-0.1197,0
65838,8.0953,-4.8399,-3.9543,78.7500,22.0500,-9.2400,2.6928,0.7540,-0.3160,0
65877,8.0714,-3.9088,-4.8208,83.0900,33.0400,-12.8100,2.8413,1.1298,-0.4380,0
65916,7.8799,-4.4953,-3.1859,92.9600,57.6100,-3.6400,3.1788,1.9700,-0.1245,0
65955,6.8985,-4.0812,-1.3428,66.9900,79.7300,14.6300,2.2907,2.7264,0.5003,0
65994,8.2245,-4.1673,1.6253,40.6000,23.8000,31.9200,1.3883,0.8138,1.0915,0
66033,10.6828,-5.4072,0.8354,58.5900,-7.1400,27.7200,2.0035,-0.2442,0.9479,0
66072,9.5458,-4.6772,-0.5290,58.1700,5.9500,23.1000,1.9891,0.2035,0.7899,0
66111,7.2001,-3.8202,0.0455,30.3800,-8.5400,37.2400,1.0388,-0.2920,1.2734,0
66150,6.2187,-3.5234,1.1633,15.4700,-40.8800,42.7000,0.5290,-1.3979,1.4601,0
66189,5.5437,-3.3535,2.7599,-14.9100,-88.9700,43.3300,-0.5098,-3.0423,1.4817,0
66228,6.2067,-6.2833,3.1213,-6.2300,-120.8900,52.7100,-0.2130,-4.1338,1.8024,0
66267,5.8979,-9.1557,1.7138,46.2700,-82.6700,36.1900,1.5822,-2.8269,1.2375,0
66306,5.4814,-7.9612,0.5960,70.9100,-87.3600,33.1100,2.4248,-2.9873,1.1322,0
66345,10.3022,-9.0982,-0.4668,97.3700,-100.7300,51.2400,3.3296,-3.4444,1.7521,0
66384,9.8211,-7.0588,-0.2154,57.3300,-57.1200,55.5800,1.9604,-1.9532,1.9006,0
66423,8.4376,-6.5658,-0.3327,25.5500,-60.2000,60.6200,0.8737,-2.0585,2.0729,0
66462,7.6477,-9.1317,-0.8593,39.2700,-69.1600,59.2900,1.3428,-2.3649,2.0274,0
66501,5.0314,-9.3831,-0.9335,33.8100,-34.5800,57.4000,1.1561,-1.1825,1.9628,0
66540,5.2804,-10.2759,-1.2016,47.1100,-45.6400,53.5500,1.6109,-1.5607,1.8311,0
66579,5.8118,-9.7637,-0.2729,68.2500,-40.9500,42.4200,2.3338,-1.4003,1.4505,0
66618,4.3014,-8.3394,0.1556,69.9300,-32.2000,26.6700,2.3912,-1.1011,0.9120,0
66657,2.7216,-7.4418,-0.3255,51.8000,-33.9500,4.8300,1.7713,-1.1609,0.1652,0
66696,0.2824,-6.8219,-1.8072,-3.9900,-42.8400,-44.5900,-0.1364,-1.4649,-1.5247,0
66735,0.0455,-5.5676,-2.3218,-11.0600,-63.3500,-75.2500,-0.3782,-2.1662,-2.5732,0
66774,1.9652,-5.3163,-3.0543,-39.7600,-99.1900,-100.4500,-1.3596,-3.3918,-3.4349,0
66813,7.1019,-4.2272,-0.3590,3.2200,-96.1100,-101.8500,0.1101,-3.2865,-3.4827,0
66852,18.6656,-7.8392,0.7851,30.5900,-28.2800,-61.7400,1.0460,-0.9670,-2.1112,0
66891,10.3357,-4.2559,-0.1508,-24.6400,-10.0800,-64.4700,-0.8426,-0.3447,-2.2045,0
66930,10.1825,-6.5035,0.1628,-59.1500,-13.3700,-39.6200,-2.0226,-0.4572,-1.3548,0
66969,8.1982,-7.6501,-2.1734,-13.6500,-5.1800,-20.0200,-0.4668,-0.1771,-0.6846,0
67008,8.4998,-5.6490,-2.2428,25.2700,-21.9800,-16.6600,0.8641,-0.7516,-0.5697,0
67047,10.4458,-3.7197,-3.6240,12.6700,-22.2600,-26.4600,0.4332,-0.7612,-0.9048,0
67086,10.4219,-3.9088,-2.9801,-29.6800,8.8200,-25.2700,-1.0149,0.3016,-0.8641,0
67125,10.2352,-6.0535,-1.6229,-12.6000,-1.6100,-38.5700,-0.4309,-0.0551,-1.3189,0
67164,9.9934,-6.4317,-2.4224,-3.7100,10.2200,-42.7000,-0.1269,0.3495,-1.4601,0
67203,8.4663,-5.4695,-2.1806,15.4000,8.5400,-24.3600,0.5266,0.2920,-0.8330,0
67242,7.2815,-6.2354,-1.4362,13.7200,3.2900,-6.9300,0.4692,0.1125,-0.2370,0
67281,7.0708,-5.4575,-1.5894,18.6200,1.2600,-2.5200,0.6367,0.0431,-0.0862,0
67320,7.2432,-4.9836,-2.7623,65.1000,8.8200,6.0900,2.2261,0.3016,0.2082,0
67359,6.8793,-4.6125,-3.5234,83.7900,27.4400,13.3700,2.8652,0.9383,0.4572,0
67398,7.1259,-4.5575,-2.8460,65.4500,58.5900,17.2900,2.2381,2.0035,0.5912,0
67437,6.2115,-4.3181,-1.8958,65.1000,82.0400,10.9900,2.2261,2.8053,0.3758,0
67476,5.9314,-4.0692,-0.4859,71.1900,91.0700,22.8200,2.4343,3.1141,0.7803,0
67515,8.1408,-4.1075,0.1436,67.7600,23.9400,43.8900,2.3170,0.8186,1.5008,0
67554,10.4985,-5.8213,0.8593,47.3200,-25.4100,21.2800,1.6181,-0.8689,0.7277,0
67593,10.0772,-7.5041,0.6415,35.2100,-45.6400,25.8300,1.2040,-1.5607,0.8833,0
67632,8.8541,-5.8429,1.6803,39.4800,-43.9600,32.2000,1.3500,-1.5032,1.1011,0
67671,8.1192,-4.6508,1.3452,27.7900,-60.9700,30.9400,0.9503,-2.0849,1.0580,0
67710,7.1594,-3.8873,1.2710,1.4000,-109.0600,27.0900,0.0479,-3.7293,0.9263,0
67749,4.7777,-4.5312,1.8048,9.9400,-105.3500,45.2200,0.3399,-3.6024,1.5463,0
67788,5.1463,-7.9038,2.1854,54.6700,-123.2700,51.8000,1.8694,-4.2152,1.7713,0
67827,5.3091,-10.9844,0.9766,95.5500,-110.6700,30.5900,3.2673,-3.7843,1.0460,0
67866,5.0841,-8.0115,-0.6463,84.2800,-85.9600,19.7400,2.8819,-2.9394,0.6750,0
67905,7.4921,-5.7184,-0.2729,65.0300,-87.9900,31.5000,2.2237,-3.0088,1.0771,0
67944,9.5554,-6.3408,-1.6851,120.1900,-126.9800,30.5200,4.1099,-4.3421,1.0436,0
67983,8.5716,-6.5011,-0.5793,71.6800,-116.4800,24.0800,2.4511,-3.9830,0.8234,0
68022,6.7764,-10.1059,-1.9460,59.7800,-123.4800,15.9600,2.0442,-4.2224,0.5457,0
68061,6.3647,-9.4285,-1.2782,79.0300,-117.8100,14.4900,2.7024,-4.0285,0.4955,0
68100,6.7022,-8.3969,-1.5200,94.2200,-119.6300,18.3400,3.2218,-4.0907,0.6271,0
68139,6.1301,-7.6333,-1.3141,91.9100,-117.6000,20.7200,3.1428,-4.0213,0.7085,0
68178,5.2708,-7.6836,-0.6583,81.5500,-119.4900,19.7400,2.7886,-4.0859,0.6750,0
68217,5.2157,-8.3131,-1.4984,81.6900,-134.3300,29.0500,2.7934,-4.5934,0.9934,0
68256,4.8040,-8.1168,-1.9101,91.3500,-129.4300,27.6500,3.1237,-4.4258,0.9455,0
68295,5.5939,-7.5304,-2.0944,86.1700,-122.1500,19.1100,2.9466,-4.1769,0.6535,0
68334,5.4336,-7.4418,-1.9915,84.5600,-111.7900,-4.2000,2.8915,-3.8226,-0.1436,0
68373,4.1242,-7.7267,-1.7809,66.5000,-94.7800,-23.3100,2.2740,-3.2410,-0.7971,0
68412,3.2554,-7.9038,-3.1141,37.4500,-89.1100,-43.4700,1.2806,-3.0471,-1.4865,0
68451,3.4157,-7.4658,-3.5761,29.4000,-72.9400,-76.3000,1.0053,-2.4942,-2.6091,0
68490,6.8841,-6.5825,-0.7013,59.8500,-53.4800,-84.1400,2.0466,-1.8287,-2.8772,0
68529,11.8318,-7.6668,-1.0197,84.4200,-42.4200,-60.0600,2.8867,-1.4505,-2.0537,0
68568,8.4807,-4.9453,-1.6588,9.0300,-2.1700,-55.2300,0.3088,-0.0742,-1.8886,0
68607,7.3006,-5.6538,-0.8450,-16.3800,3.9200,-68.8100,-0.5601,0.1340,-2.3529,0
68646,8.8972,-7.0660,-1.3141,-18.0600,-4.2700,-59.4300,-0.6176,-0.1460,-2.0322,0
68685,9.8211,-7.0852,-0.1317,-16.5900,-9.4500,-42.1400,-0.5673,-0.3231,-1.4410,0
68724,7.8296,-6.1325,0.2035,-7.1400,-9.6600,-38.5000,-0.2442,-0.3303,-1.3165,0
68763,5.4455,-5.7639,1.7402,-18.4800,-23.1000,-32.7600,-0.6319,-0.7899,-1.1202,0
68802,5.7160,-5.9099,1.2734,-2.8000,-37.2400,-14.0700,-0.0957,-1.2734,-0.4811,0
68841,5.2110,-3.5713,-0.3950,0.2100,-25.4100,-7.6300,0.0072,-0.8689,-0.2609,0
68880,7.7003,-3.5665,-1.9053,10.2900,-13.1600,7.9800,0.3519,-0.4500,0.2729,0
68919,9.4597,-5.7328,-1.0388,-22.5400,-2.2400,-24.1500,-0.7708,-0.0766,-0.8258,0
68958,8.2413,-5.0458,-1.9939,-13.2300,-35.5600,-19.1800,-0.4524,-1.2160,-0.6559,0
68997,9.5817,-8.3777,-2.0226,11.0600,-16.9400,-7.4200,0.3782,-0.5793,-0.2537,0
69036,10.2352,-7.2360,-2.1734,13.3000,-31.0800,-17.4300,0.4548,-1.0628,-0.5960,0
69075,10.0533,-5.5796,-1.3955,28.6300,-28.8400,-8.5400,0.9790,-0.9862,-0.2920,0
69114,10.2041,-5.8931,-1.3979,21.8400,-18.8300,-1.6800,0.7468,-0.6439,-0.0574,0
69153,9.6320,-5.9147,-1.4577,12.0400,-10.5000,4.2000,0.4117,-0.3590,0.1436,0
69192,8.8277,-7.0062,-1.2351,17.2900,5.8800,2.9400,0.5912,0.2011,0.1005,0
69231,6.9296,-5.1296,-1.0795,34.0200,17.5000,-6.5800,1.1633,0.5984,-0.2250,0
69270,7.3485,-4.6772,-0.9024,28.7700,16.3800,-9.4500,0.9838,0.5601,-0.3231,0
69309,7.4945,-5.3546,-1.4362,23.6600,21.2800,-10.1500,0.8091,0.7277,-0.3471,0
69348,6.8530,-5.9075,-1.5654,21.4200,33.8800,-6.7900,0.7325,1.1585,-0.2322,0
69387,6.4030,-5.7399,-2.2548,34.5100,39.6900,0.0700,1.1801,1.3572,0.0024,0
69426,6.8075,-6.7501,-1.6899,38.9200,46.3400,4.4100,1.3309,1.5846,0.1508,0
69465,6.8793,-7.1977,-0.6989,58.3800,42.5600,12.3200,1.9963,1.4553,0.4213,0
69504,9.1341,-7.3772,0.0790,77.9800,7.5600,18.4100,2.6665,0.2585,0.6295,0
69543,8.8804,-6.9128,-0.4548,89.1100,23.0300,5.6700,3.0471,0.7875,0.1939,0
69582,7.6357,-5.8525,0.3136,71.5400,24.7800,-5.9500,2.4463,0.8473,-0.2035,0
69621,8.5333,-4.9261,0.9000,49.2100,-7.7000,5.7400,1.6827,-0.2633,0.1963,0
69660,8.1982,-5.3665,0.8354,43.1900,-21.8400,22.6800,1.4769,-0.7468,0.7755,0
69699,6.9775,-5.2852,0.9814,41.1600,-45.9900,39.1300,1.4075,-1.5726,1.3380,0
69738,6.4126,-4.3325,1.9365,17.1500,-90.3700,48.3000,0.5864,-3.0902,1.6516,0
69777,6.6495,-5.3474,1.9460,63.4900,-115.2900,78.8200,2.1710,-3.9423,2.6952,0
69816,7.3341,-6.5705,0.9527,74.5500,-110.9500,69.3700,2.5492,-3.7939,2.3721,0
69855,7.1761,-5.6298,-0.7109,81.7600,-124.0400,48.2300,2.7958,-4.2415,1.6492,0
69894,8.1527,-6.5777,-0.7971,70.2800,-122.6400,40.3200,2.4032,-4.1937,1.3787,0
69933,8.1288,-7.1642,0.1532,44.1700,-101.8500,41.1600,1.5104,-3.4827,1.4075,0
69972,8.5118,-7.4011,0.5386,50.2600,-111.2300,42.9800,1.7186,-3.8035,1.4697,0
70011,9.0001,-6.7189,0.3040,36.9600,-116.1300,33.0400,1.2638,-3.9710,1.1298,0
70050,8.2030,-6.4269,-0.6487,44.8000,-118.7200,36.9600,1.5319,-4.0596,1.2638,0
70089,7.4083,-8.3562,-0.9048,46.9700,-115.0100,39.2000,1.6061,-3.9328,1.3404,0
70128,6.9870,-9.0432,-0.5362,45.3600,-112.8400,35.4200,1.5511,-3.8585,1.2112,0
70167,7.6118,-9.1581,-1.3404,63.4200,-103.3900,36.7500,2.1686,-3.5354,1.2567,0
70206,7.0828,-7.2096,-1.5176,49.4900,-81.8300,36.8200,1.6923,-2.7982,1.2591,0
70245,4.8208,-6.4413,-1.0341,44.9400,-63.2800,44.4500,1.5367,-2.1639,1.5200,0
70284,4.0835,-8.1384,-0.6463,48.4400,-62.6500,31.1500,1.6564,-2.1423,1.0652,0
70323,4.0859,-8.6434,-1.1585,39.7600,-49.4200,3.1500,1.3596,-1.6899,0.1077,0
70362,2.7335,-8.5070,-2.0418,18.6900,-40.1800,-18.4800,0.6391,-1.3739,-0.6319,0
70401,2.1734,-8.4783,-2.2381,11.6200,-42.0700,-37.7300,0.3973,-1.4386,-1.2902,0
70440,1.8407,-8.1599,-2.6665,-6.7900,-39.6200,-60.4800,-0.2322,-1.3548,-2.0681,0
70479,1.8886,-6.6232,-1.6205,-11.6200,-38.7100,-81.6200,-0.3973,-1.3237,-2.7910,0
70518,6.5538,-7.8152,-2.2859,-3.5000,-43.0500,-86.5200,-0.1197,-1.4721,-2.9585,0
70557,13.5241,-10.6828,-2.4942,47.0400,-30.3800,-63.6300,1.6085,-1.0388,-2.1758,0
70596,8.4232,-5.3019,0.9886,21.7000,6.8600,-64.8900,0.7420,0.2346,-2.2189,0
70635,8.5357,-7.2192,-1.3979,4.4800,14.8400,-41.7200,0.1532,0.5075,-1.4266,0
70674,5.7782,-8.6889,-0.3973,8.2600,23.3100,-38.7100,0.2824,0.7971,-1.3237,0
70713,6.3240,-7.9014,-0.4931,4.4100,19.3200,-40.3200,0.1508,0.6606,-1.3787,0
70752,6.2594,-7.7530,-2.0274,10.2900,21.7700,-28.1400,0.3519,0.7444,-0.9622,0
70791,5.8788,-7.6309,-1.9604,5.9500,5.8100,-11.1300,0.2035,0.1987,-0.3806,0
70830,5.4096,-6.6543,-1.3285,17.5000,-1.6800,-3.1500,0.5984,-0.0574,-0.1077,0
70869,6.5681,-5.5293,-2.0442,25.9700,-8.3300,-13.5100,0.8880,-0.2848,-0.4620,0
70908,6.7764,-5.6562,-0.5960,-8.8200,-2.1700,-12.3200,-0.3016,-0.0742,-0.4213,0
70947,6.3695,-5.5149,0.4428,-31.6400,-7.1400,-12.9500,-1.0819,-0.2442,-0.4428,0
70986,7.2958,-5.8118,0.1532,-33.1100,-6.5100,-10.4300,-1.1322,-0.2226,-0.3567,0
71025,7.0876,-5.9769,-0.8521,-1.7500,3.1500,-13.0200,-0.0598,0.1077,-0.4452,0
71064,5.7376,-4.9907,-1.4697,26.8800,-12.1800,-16.6600,0.9192,-0.4165,-0.5697,0
71103,7.3461,-3.6503,-1.2040,32.7600,-6.9300,4.4800,1.1202,-0.2370,0.1532,0
71142,11.0682,-4.2367,0.2489,22.1200,-14.0000,-1.5400,0.7564,-0.4787,-0.0527,0
71181,11.7408,-4.7681,-1.2136,-15.5400,-29.7500,-11.7600,-0.5314,-1.0173,-0.4021,0
71220,10.7451,-9.0288,-1.5200,-7.9800,-6.7200,-5.1800,-0.2729,-0.2298,-0.1771,0
71259,9.8283,-9.0551,-2.0777,-4.9000,1.7500,-14.7700,-0.1676,0.0598,-0.5051,0
71298,9.0264,-8.3059,-2.6928,-3.8500,-10.4300,-6.9300,-0.1317,-0.3567,-0.2370,0
71337,6.4078,-9.0384,-2.4487,9.3800,-6.3000,2.1700,0.3207,-0.2154,0.0742,0
71376,5.3737,-8.2030,-3.5785,28.9800,-7.4200,12.0400,0.9910,-0.2537,0.4117,0
71415,4.8471,-6.4126,-3.9112,34.5800,-0.2100,16.8700,1.1825,-0.0072,0.5769,0
71454,5.4072,-5.9650,-3.9687,47.3900,2.1000,31.5700,1.6205,0.0718,1.0795,0
71493,5.7854,-6.2737,-1.4865,45.5000,38.4300,51.4500,1.5559,1.3141,1.7593,0
71532,6.3168,-7.2671,0.6104,76.7900,17.2900,53.6900,2.6258,0.5912,1.8359,0
71571,9.6871,-6.1086,0.4859,97.3000,-52.3600,0.4200,3.3272,-1.7904,0.0144,0
71610,10.7498,-4.7729,0.3782,69.5800,-19.6000,-7.4200,2.3793,-0.6702,-0.2537,0
71649,8.6674,-3.1811,1.3093,34.7900,13.9300,18.1300,1.1896,0.4763,0.6200,0
71688,6.7309,-2.8484,2.2955,0.9800,-27.5100,38.1500,0.0335,-0.9407,1.3045,0
71727,5.9697,-6.4173,1.5487,-14.2800,-104.3000,46.6900,-0.4883,-3.5665,1.5966,0
71766,5.7519,-10.5751,2.6713,-1.9600,-100.5900,46.8300,-0.0670,-3.4397,1.6013,0
71805,4.6317,-10.3716,1.1753,24.7100,-26.7400,14.6300,0.8450,-0.9144,0.5003,0
71844,5.9985,-7.7793,-0.6319,58.3800,-66.4300,20.2300,1.9963,-2.2716,0.6918,0
71883,7.1905,-6.9009,0.4476,79.8700,-93.3800,28.9100,2.7311,-3.1931,0.9886,0
71922,9.6966,-6.2115,1.7330,53.6900,-100.7300,33.5300,1.8359,-3.4444,1.1466,0
71961,9.1629,-5.8285,0.7348,54.4600,-76.2300,32.6900,1.8623,-2.6067,1.1178,0
72000,6.3431,-5.6298,1.0436,7.9800,-78.8200,44.1700,0.2729,-2.6952,1.5104,0
72039,6.0032,-9.8786,0.8091,30.9400,-93.6600,49.2100,1.0580,-3.2027,1.6827,0
72078,5.1272,-10.7714,-0.3710,35.5600,-60.4800,36.3300,1.2160,-2.0681,1.2423,0
72117,4.5072,-10.5560,-1.6181,42.2100,-37.6600,-0.4200,1.4434,-1.2878,-0.0144,0
72156,2.9107,-9.1317,-3.3822,67.7600,-47.6700,-34.1600,2.3170,-1.6301,-1.1681,0
72195,0.5434,-6.2354,-2.1399,35.4200,-55.0900,-64.4700,1.2112,-1.8838,-2.2045,0
72234,0.6008,-4.5072,-2.4535,-1.2600,-62.5100,-99.0500,-0.0431,-2.1375,-3.3870,0
72273,4.1410,-3.6048,-0.7803,44.8700,-64.1900,-121.3800,1.5343,-2.1950,-4.1506,0
72312,12.5307,-9.9240,-1.3404,55.7900,-62.1600,-45.6400,1.9077,-2.1256,-1.5607,0
72351,9.3304,-4.8112,-0.1077,35.7000,-29.4000,-52.8500,1.2208,-1.0053,-1.8072,0
72390,7.8655,-6.0176,0.4739,-10.5700,-19.3200,-53.2700,-0.3614,-0.6606,-1.8216,0
72429,8.0283,-7.4514,-0.0670,-16.7300,-8.4000,-12.3200,-0.5721,-0.2872,-0.4213,0
72468,7.8440,-7.3652,0.4380,-25.2700,-15.9600,-0.6300,-0.8641,-0.5457,-0.0215,0
72507,7.0086,-6.8123,-0.4093,-4.9700,-35.0000,-5.8100,-0.1699,-1.1968,-0.1987,0
72546,6.8195,-5.9554,-0.8976,2.3800,-34.1600,-7.4200,0.0814,-1.1681,-0.2537,0
72585,6.3695,-4.1913,-1.5990,24.0800,-23.2400,-4.2000,0.8234,-0.7947,-0.1436,0
72624,6.5610,-3.0902,-1.9676,18.9000,-5.4600,6.7200,0.6463,-0.1867,0.2298,0
72663,9.1389,-4.5958,-2.3865,-11.6200,9.8000,10.0800,-0.3973,0.3351,0.3447,0
72702,9.2083,-6.7692,-1.5726,-43.5400,7.7700,1.7500,-1.4888,0.2657,0.0598,0
72741,9.5626,-8.0785,-0.9862,-32.6200,-4.2700,-4.4100,-1.1154,-0.1460,-0.1508,0
72780,9.3950,-8.0307,-1.1274,-19.6700,3.0800,-4.4800,-0.6726,0.1053,-0.1532,0
72819,8.8158,-8.8421,-2.3889,-7.2800,6.0900,-0.5600,-0.2489,0.2082,-0.0191,0
72858,7.5831,-9.1078,-2.1423,7.2100,5.6700,-1.1200,0.2465,0.1939,-0.0383,0
72897,6.7309,-8.3251,-2.5564,45.3600,-2.6600,-5.2500,1.5511,-0.0910,-0.1795,0
72936,6.6759,-7.3269,-2.6737,65.7300,-2.8000,1.6100,2.2476,-0.0957,0.0551,0
72975,6.9966,-6.3647,-2.4391,90.8600,24.7800,4.5500,3.1069,0.8473,0.1556,0
73014,6.6830,-5.1248,-0.6415,100.4500,72.3100,3.5700,3.4349,2.4726,0.1221,0
73053,6.0487,-2.7575,1.4194,80.0800,76.2300,4.1300,2.7383,2.6067,0.1412,0
73092,8.2030,-2.3338,0.9144,66.3600,-5.9500,15.6800,2.2692,-0.2035,0.5362,0
73131,9.9934,-5.4383,-0.4620,49.2100,-40.8800,15.4700,1.6827,-1.3979,0.5290,0
73170,7.9541,-6.8243,0.3734,2.2400,-13.0200,-2.1700,0.0766,-0.4452,-0.0742,0
73209,7.5400,-6.6591,1.0795,-4.4100,-12.6000,-0.2100,-0.1508,-0.4309,-0.0072,0
73248,8.7918,-8.1192,0.7109,18.2000,-34.3000,8.0500,0.6223,-1.1729,0.2753,0
73287,8.2868,-8.9163,0.5817,31.7100,-32.9000,-2.5900,1.0843,-1.1250,-0.0886,0
73326,6.6495,-7.0205,0.5936,43.1200,-32.0600,-3.0800,1.4745,-1.0963,-0.1053,0
73365,6.9775,-5.6969,-0.0168,50.4000,-50.4000,21.5600,1.7234,-1.7234,0.7372,0
73404,6.7955,-5.7447,0.2992,49.0700,-58.5900,31.7800,1.6779,-2.0035,1.0867,0
73443,5.9985,-5.4144,0.2872,36.0500,-63.9800,30.0300,1.2327,-2.1878,1.0269,0
73482,5.9338,-4.9596,0.8809,26.4600,-71.7500,36.1900,0.9048,-2.4535,1.2375,0
73521,5.1655,-4.4234,0.7109,22.5400,-83.7200,39.4100,0.7708,-2.8628,1.3476,0
73560,6.5155,-6.8841,0.0191,34.0900,-90.1600,45.2900,1.1657,-3.0830,1.5487,0
73599,5.6777,-7.6285,0.7516,23.6600,-64.6100,39.2000,0.8091,-2.2093,1.3404,0
73638,4.4019,-6.9559,0.2130,35.3500,-53.0600,25.7600,1.2088,-1.8144,0.8809,0
73677,5.1918,-6.9272,0.0431,22.6800,-77.7700,25.6900,0.7755,-2.6593,0.8785,0
73716,8.0019,-8.2892,-0.4428,1.4000,-102.8300,24.7800,0.0479,-3.5163,0.8473,0
73755,7.1881,-7.1354,3.0663,-54.7400,-42.9100,8.6100,-1.8718,-1.4673,0.2944,0
73794,6.4293,-8.8972,-2.0394,7.2100,-45.9200,15.7500,0.2465,-1.5702,0.5386,0
73833,6.1038,-9.9575,-1.5128,-6.3000,-50.9600,31.9200,-0.2154,-1.7426,1.0915,0
73872,5.8453,-11.0299,-1.6708,-7.3500,-60.6900,24.7800,-0.2513,-2.0753,0.8473,0
73911,6.5490,-11.1759,-2.3506,13.6500,-55.7200,13.8600,0.4668,-1.9053,0.4739,0
73950,5.8142,-9.3903,-2.8293,26.2500,-37.8700,14.4200,0.8976,-1.2950,0.4931,0
73989,4.7418,-7.7291,-1.9388,35.2800,-24.2900,22.8200,1.2064,-0.8306,0.7803,0
74028,4.3756,-7.3006,-1.0077,9.2400,-28.0700,18.2700,0.3160,-0.9598,0.6247,0
74067,3.8681,-7.6573,-1.2950,23.3100,-40.3200,14.6300,0.7971,-1.3787,0.5003,0
74106,4.0883,-8.0809,-1.3237,29.1200,-24.7800,17.4300,0.9958,-0.8473,0.5960,0
74145,4.0141,-7.5878,-1.0484,19.6000,-21.1400,14.8400,0.6702,-0.7229,0.5075,0
74184,4.3421,-7.7386,-1.4146,23.5900,-19.8100,14.0700,0.8067,-0.6774,0.4811,0
74223,3.7317,-8.3753,-1.0077,22.9600,-10.5700,15.1200,0.7851,-0.3614,0.5170,0
74262,4.2583,-8.6530,-1.2638,14.9100,-2.5900,11.2000,0.5098,-0.0886,0.3830,0
74301,4.2655,-8.6985,-1.0795,-2.4500,11.3400,2.7300,-0.0838,0.3878,0.0934,0
74340,4.2559,-9.1293,-1.9197,-12.7400,20.9300,-5.0400,-0.4356,0.7157,-0.1723,0
74379,3.7532,-9.4908,-2.0609,-8.1900,24.1500,-13.5800,-0.2801,0.8258,-0.4644,0
74418,3.5737,-9.6655,-2.1567,-5.1800,24.5000,-22.8900,-0.1771,0.8378,-0.7827,0
74457,3.2913,-9.3376,-2.3697,0.2100,26.6700,-36.1200,0.0072,0.9120,-1.2351,0
74496,3.1189,-8.8158,-1.7138,7.0000,24.7800,-54.4600,0.2394,0.8473,-1.8623,0
74535,3.4253,-7.9972,-1.3739,-13.5100,38.5000,-72.6600,-0.4620,1.3165,-2.4846,0
74574,5.9578,-8.0235,-1.8311,-31.6400,45.5700,-78.4000,-1.0819,1.5583,-2.6809,0
74613,8.2222,-8.7751,-2.4942,-18.4800,49.1400,-52.9200,-0.6319,1.6803,-1.8096,0
74652,6.4868,-7.7721,-1.2399,-12.4600,54.3200,-37.8700,-0.4261,1.8575,-1.2950,0
74691,7.7985,-6.8530,-1.1442,-27.3700,59.4300,-21.6300,-0.9359,2.0322,-0.7396,0
74730,7.0205,-6.4317,-1.6253,-44.2400,65.5900,-21.2100,-1.5128,2.2428,-0.7253,0
74769,5.5939,-7.1713,-0.7468,-79.8000,63.5600,-38.6400,-2.7287,2.1734,-1.3213,0
74808,5.8716,-7.2288,1.7091,-96.0400,53.6900,-46.9000,-3.2841,1.8359,-1.6037,0
74847,7.4299,-6.4365,1.2232,-74.3400,47.2500,-36.1900,-2.5420,1.6157,-1.2375,0
74886,5.1176,-4.2583,-0.6559,-50.3300,44.5200,-30.4500,-1.7210,1.5224,-1.0412,0
74925,6.4939,-4.9740,-1.6636,-43.6800,18.1300,-1.3300,-1.4936,0.6200,-0.0455,0
74964,9.9599,-6.0009,-1.4146,-59.5000,18.7600,11.9000,-2.0346,0.6415,0.4069,0
75003,10.2352,-4.5096,-1.3979,-100.7300,50.6100,2.7300,-3.4444,1.7306,0.0934,0
75042,10.2711,-5.8572,-2.5875,-118.5100,55.7200,-0.6300,-4.0524,1.9053,-0.0215,0
75081,9.7756,-8.4663,-3.4684,-124.3200,51.8700,-8.3300,-4.2511,1.7737,-0.2848,0
75120,7.3963,-7.9038,-2.5420,-98.4200,49.5600,-8.6800,-3.3655,1.6947,-0.2968,0
75159,7.2120,-6.1852,-1.9412,-85.6800,48.2300,-4.6900,-2.9298,1.6492,-0.1604,0
75198,7.2168,-5.8477,-1.7091,-78.6800,44.1000,4.5500,-2.6905,1.5080,0.1556,0
75237,6.7477,-5.9195,-1.0412,-64.7500,44.3100,6.9300,-2.2141,1.5152,0.2370,0
75276,5.6681,-4.9189,-0.8426,-62.8600,42.7000,1.9600,-2.1495,1.4601,0.0670,0
75315,5.4072,-5.5102,-1.2854,-51.5200,29.2600,-1.7500,-1.7617,1.0005,-0.0598,0
75354,6.3647,-6.1301,-1.4936,-37.2400,14.4900,4.4100,-1.2734,0.4955,0.1508,0
75393,7.7769,-5.5269,-1.6540,-13.2300,8.4000,5.4600,-0.4524,0.2872,0.1867,0
75432,9.1844,-4.5886,-1.3117,-8.1200,11.4800,5.5300,-0.2777,0.3926,0.1891,0
75471,8.8708,-5.2588,-2.5827,-3.9200,7.6300,11.0600,-0.1340,0.2609,0.3782,0
75510,7.8966,-6.9057,-1.9101,-19.7400,-1.2600,11.9000,-0.6750,-0.0431,0.4069,0
75549,8.3706,-5.8572,-2.2500,-3.4300,9.8000,21.5600,-0.1173,0.3351,0.7372,0
75588,9.0240,-5.2612,-2.6665,5.3900,31.7100,18.9700,0.1843,1.0843,0.6487,0
75627,8.3562,-5.9362,-2.0801,-10.2900,21.7000,18.7600,-0.3519,0.7420,0.6415,0
75666,8.2102,-5.7974,-0.4524,-4.4800,12.4600,21.5600,-0.1532,0.4261,0.7372,0
75705,7.5256,-4.8830,-1.2662,27.5800,1.2600,24.8500,0.9431,0.0431,0.8497,0
75744,8.2174,-5.6083,-1.7258,35.0700,-14.9800,18.6900,1.1992,-0.5122,0.6391,0
75783,9.4836,-5.3043,-1.3117,3.7800,-13.0900,5.6700,0.1293,-0.4476,0.1939,0
75822,8.8134,-4.1482,-0.9598,-0.8400,3.6400,3.2200,-0.0287,0.1245,0.1101,0
75861,8.3682,-5.2349,-1.4505,0.0000,16.1000,10.9900,0.0000,0.5505,0.3758,0
75900,7.1354,-6.3838,-1.4936,-8.4000,19.1800,14.0000,-0.2872,0.6559,0.4787,0
75939,6.6783,-6.2306,-1.2279,-9.1700,13.7900,6.3700,-0.3136,0.4715,0.2178,0
75978,7.5950,-6.2689,-0.7564,15.0500,-3.0800,12.0400,0.5146,-0.1053,0.4117,0
76017,8.5597,-5.3498,-0.9958,12.6700,1.3300,17.7100,0.4332,0.0455,0.6056,0
76056,8.4878,-6.2115,-1.6875,-0.9100,-6.0900,13.7200,-0.0311,-0.2082,0.4692,0
76095,8.5549,-5.9338,-1.4817,3.4300,-14.4900,7.1400,0.1173,-0.4955,0.2442,0
76134,8.2940,-5.3019,-1.4529,14.5600,-7.4900,5.8800,0.4979,-0.2561,0.2011,0
76173,8.0331,-5.2277,-1.8575,2.9400,0.9100,7.7700,0.1005,0.0311,0.2657,0
76212,7.8703,-5.8788,-1.2567,-14.2800,1.4000,3.2900,-0.4883,0.0479,0.1125,0
76251,7.4969,-6.2785,-0.9694,-17.3600,2.2400,-3.0800,-0.5936,0.0766,-0.1053,0
76290,7.5112,-6.5849,-0.9503,-18.5500,3.2900,1.6800,-0.6343,0.1125,0.0574,0
76329,7.6214,-6.6112,-0.8880,-20.5100,6.4400,13.4400,-0.7013,0.2202,0.4596,0
76368,7.2264,-6.1134,-0.4237,-25.9700,16.1700,26.1100,-0.8880,0.5529,0.8928,0
76407,6.9296,-5.9578,-1.2327,-4.8300,10.3600,41.4400,-0.1652,0.3543,1.4170,0
76446,6.1636,-7.4514,-1.3716,-38.0100,17.3600,53.6200,-1.2997,0.5936,1.8335,0
76485,5.7878,-8.4759,-2.6186,-54.1100,9.1700,77.2800,-1.8503,0.3136,2.6426,0
76524,4.4881,-9.1293,-2.7383,-1.6800,-20.9300,93.6600,-0.0574,-0.7157,3.2027,0
76563,3.3272,-9.6536,-1.9460,54.1800,-8.4700,93.3800,1.8527,-0.2896,3.1931,0
76602,2.4056,-9.3903,-1.4769,47.5300,1.2600,76.2300,1.6253,0.0431,2.6067,0
76641,3.2673,-10.2687,-2.2237,36.7500,-8.3300,64.5400,1.2567,-0.2848,2.2069,0
76680,4.1745,-11.3219,-2.3314,40.4600,-16.5200,53.6900,1.3835,-0.5649,1.8359,0
76719,3.5617,-9.8379,-1.9748,26.6700,-2.7300,40.6000,0.9120,-0.0934,1.3883,0
76758,2.9561,-8.0761,-1.6013,19.4600,10.2900,21.0700,0.6654,0.3519,0.7205,0
76797,3.0447,-7.9134,-1.1513,-2.2400,21.4900,4.4100,-0.0766,0.7348,0.1508,0
76836,3.7820,-8.3466,-1.0101,-16.4500,20.7200,-3.9200,-0.5625,0.7085,-0.1340,0
76875,3.8226,-8.8708,-0.6989,-22.4700,35.5600,-14.2100,-0.7684,1.2160,-0.4859,0
76914,3.7963,-8.1312,-1.3524,-17.3600,44.5200,-23.1700,-0.5936,1.5224,-0.7923,0
76953,3.6048,-7.3365,-1.2136,-25.9700,50.8900,-31.0100,-0.8880,1.7402,-1.0604,0
76992,4.0046,-7.5974,-0.7277,-31.7800,46.0600,-37.5200,-1.0867,1.5750,-1.2830,0
77031,4.5312,-8.3251,-0.8210,-39.3400,50.0500,-39.3400,-1.3452,1.7115,-1.3452,0
77070,4.9596,-8.7224,-0.2633,-45.4300,47.8800,-37.2400,-1.5535,1.6372,-1.2734,0
77109,4.3995,-7.6836,-0.3614,-38.8500,40.4600,-38.5700,-1.3285,1.3835,-1.3189,0
77148,5.7878,-8.5597,-0.6319,-50.6800,43.4000,-43.6800,-1.7330,1.4841,-1.4936,0
77187,6.1205,-8.2437,0.7181,-28.1400,74.1300,-39.8300,-0.9622,2.5349,-1.3620,0
77226,6.4197,-7.9397,-0.0359,-51.8000,91.7000,-27.0900,-1.7713,3.1357,-0.9263,0
77265,6.2163,-10.4411,-1.3021,-48.2300,87.5000,-24.9900,-1.6492,2.9921,-0.8545,0
77304,6.9463,-11.4584,-0.8833,-20.0900,50.0500,0.3500,-0.6870,1.7115,0.0120,0
77343,6.4963,-8.3083,-1.1346,-25.0600,41.3000,-8.8900,-0.8569,1.4122,-0.3040,0
77382,6.0104,-7.5400,-0.6056,-30.5200,74.6900,-5.2500,-1.0436,2.5540,-0.1795,0
77421,7.4323,-8.4328,0.0407,-34.3700,63.2800,-0.0700,-1.1753,2.1639,-0.0024,0
77460,7.6022,-7.2647,0.3231,-25.9700,64.9600,-14.5600,-0.8880,2.2213,-0.4979,0
77499,6.5275,-5.4814,-1.5966,-10.9900,54.6000,-41.3700,-0.3758,1.8670,-1.4146,0
77538,6.3982,-3.7006,-0.9096,-16.3100,76.6500,-38.1500,-0.5577,2.6210,-1.3045,0
77577,8.2581,-0.7779,-2.3865,2.7300,91.9800,-41.2300,0.0934,3.1452,-1.4099,0
77616,7.3676,-2.5875,-4.5982,-44.3800,60.3400,-37.2400,-1.5176,2.0633,-1.2734,0
77655,7.0684,-5.9482,-3.0926,-151.4100,15.6100,-22.1200,-5.1774,0.5338,-0.7564,0
77694,7.3437,-8.4855,-0.3710,-116.7600,6.7900,-0.7700,-3.9926,0.2322,-0.0263,0
77733,7.7602,-9.9169,-1.2136,-44.2400,19.6000,0.9100,-1.5128,0.6702,0.0311,0
77772,7.9876,-7.6932,-1.9628,-4.9000,18.6200,-9.4500,-0.1676,0.6367,-0.3231,0
77811,7.8081,-7.7315,-0.8833,-2.8700,18.0600,-7.1400,-0.0981,0.6176,-0.2442,0
77850,7.2982,-6.7261,-0.7492,6.4400,11.7600,-3.4300,0.2202,0.4021,-0.1173,0
77889,7.6429,-7.4059,-1.3883,9.1000,13.0900,4.9000,0.3112,0.4476,0.1676,0
77928,6.8602,-8.6506,-2.2237,21.1400,37.9400,7.9800,0.7229,1.2974,0.2729,0
77967,4.8040,-8.3203,-2.3218,39.2700,53.6200,-3.5700,1.3428,1.8335,-0.1221,0
78006,5.1583,-7.0014,-2.1543,49.3500,48.3000,-5.8100,1.6875,1.6516,-0.1987,0
78045,7.1522,-6.5514,-1.0652,36.4000,39.1300,4.6200,1.2447,1.3380,0.1580,0
78084,7.8559,-5.7352,0.4404,40.5300,29.6800,18.1300,1.3859,1.0149,0.6200,0
78123,8.4136,-4.7346,1.3716,34.2300,10.7100,28.9100,1.1705,0.3662,0.9886,0
78162,7.7195,-4.4354,1.5487,4.0600,-9.8700,31.1500,0.1388,-0.3375,1.0652,0
78201,7.0182,-4.2679,2.1615,-38.2900,-54.5300,34.5100,-1.3093,-1.8646,1.1801,0
78240,8.3825,-6.4604,2.0968,-42.4200,-81.6900,35.9800,-1.4505,-2.7934,1.2303,0
78279,7.5232,-6.2187,1.4027,-49.6300,-69.0900,28.9100,-1.6971,-2.3625,0.9886,0
78318,5.5844,-6.1923,0.5003,-30.5200,-52.9200,32.4800,-1.0436,-1.8096,1.1106,0
78357,5.1391,-6.8219,1.5463,-26.1800,-59.6400,33.3900,-0.8952,-2.0394,1.1418,0
78396,6.3838,-7.2815,0.0287,-17.4300,-55.2300,42.9800,-0.5960,-1.8886,1.4697,0
78435,6.6735,-7.3102,-1.4912,-17.9200,-58.9400,51.5200,-0.6128,-2.0154,1.7617,0
78474,6.0176,-9.3520,-1.6708,18.9700,-69.3000,58.7300,0.6487,-2.3697,2.0083,0
78513,5.9051,-11.3459,-1.7330,36.0500,-86.7300,77.3500,1.2327,-2.9657,2.6450,0
78552,5.4360,-10.9581,-1.0173,76.6500,-58.1700,73.0800,2.6210,-1.9891,2.4990,0
78591,5.4240,-10.0964,-1.8168,68.0400,-43.7500,57.0500,2.3266,-1.4960,1.9508,0
78630,4.4976,-9.6248,-1.5583,53.2000,-41.0200,32.4800,1.8192,-1.4027,1.1106,0
78669,2.4846,-9.1054,-0.8785,25.2000,-38.5000,8.9600,0.8617,-1.3165,0.3064,0
78708,1.6277,-9.3400,-2.1112,23.3100,-43.6800,-25.6200,0.7971,-1.4936,-0.8761,0
78747,-0.2226,-8.7009,-2.9466,-8.4700,-27.5100,-67.5500,-0.2896,-0.9407,-2.3099,0
78786,-0.1987,-7.1833,-4.2104,1.2600,-11.6200,-103.3900,0.0431,-0.3973,-3.5354,0
78825,-0.2753,-4.7753,-2.3170,-0.8400,-24.0100,-122.2200,-0.0287,-0.8210,-4.1793,0
78864,5.1224,-4.2224,0.0311,25.8300,-62.7900,-111.3700,0.8833,-2.1471,-3.8083,0
78903,15.5634,-9.9360,-0.9048,38.9200,-52.2200,-59.0100,1.3309,-1.7857,-2.0178,0
78942,8.5477,-7.6142,-2.5684,1.1900,-39.6900,-73.6400,0.0407,-1.3572,-2.5181,0
78981,7.1570,-6.6854,-0.4524,4.1300,-8.3300,-68.3200,0.1412,-0.2848,-2.3362,0
79020,7.9924,-6.6543,-0.4907,10.4300,-30.8700,-35.3500,0.3567,-1.0556,-1.2088,0
79059,8.7847,-8.1360,-1.3380,29.7500,-30.9400,-24.9900,1.0173,-1.0580,-0.8545,0
79098,8.7894,-6.8602,-1.1825,58.1000,-39.2700,-28.4900,1.9867,-1.3428,-0.9742,0
79137,7.9876,-6.3192,-1.5942,62.0200,-37.7300,-27.1600,2.1208,-1.2902,-0.9287,0
79176,7.5663,-5.3330,-1.3309,74.0600,-35.7700,-29.6100,2.5325,-1.2232,-1.0125,0
79215,7.3078,-4.6939,-1.1322,82.4600,-22.6800,-30.6600,2.8197,-0.7755,-1.0484,0
79254,7.6644,-4.1506,-0.6846,88.6900,-14.7700,-31.9900,3.0327,-0.5051,-1.0939,0
79293,7.7745,-2.4439,-1.1083,90.7200,-24.7100,-36.6800,3.1022,-0.8450,-1.2543,0
79332,8.1336,-1.6899,-1.1035,59.0100,-36.4000,-32.1300,2.0178,-1.2447,-1.0987,0
79371,8.0977,-3.5713,-0.9790,25.3400,-35.7000,-19.7400,0.8665,-1.2208,-0.6750,0
79410,8.6698,-7.4514,-0.9575,6.3700,-28.2800,-3.2900,0.2178,-0.9670,-0.1125,0
79449,8.2987,-7.3724,-0.4141,13.8600,-27.2300,3.3600,0.4739,-0.9311,0.1149,0
79488,8.4041,-6.8793,-1.5654,14.7700,-40.4600,9.5200,0.5051,-1.3835,0.3255,0
79527,8.2126,-8.3706,-2.5947,41.3000,-32.6900,7.9100,1.4122,-1.1178,0.2705,0
79566,8.6482,-8.1049,-1.9676,63.0700,-28.3500,5.0400,2.1567,-0.9694,0.1723,0
79605,8.2964,-6.4341,-2.1495,79.0300,-10.3600,-4.0600,2.7024,-0.3543,-0.1388,0
79644,7.9277,-5.2445,-2.0777,82.4600,-8.3300,-7.7000,2.8197,-0.2848,-0.2633,0
79683,7.7171,-6.1349,-2.4008,79.9400,-3.5000,0.7000,2.7335,-0.1197,0.0239,0
79722,7.6860,-6.8099,-2.3170,87.6400,9.6600,12.3200,2.9968,0.3303,0.4213,0
79761,7.5974,-6.5969,-1.8814,99.1200,40.4600,10.6400,3.3894,1.3835,0.3638,0
79800,7.6046,-5.2516,-2.1351,95.7600,28.0000,11.3400,3.2745,0.9575,0.3878,0
79839,8.5238,-5.8357,-1.0125,95.9000,-4.5500,25.0600,3.2793,-0.1556,0.8569,0
79878,8.4759,-4.8040,0.3303,60.3400,-10.4300,22.7500,2.0633,-0.3567,0.7779,0
79917,8.8565,-5.5748,-0.0048,44.3800,-34.7200,27.0900,1.5176,-1.1872,0.9263,0
79956,8.6937,-4.2750,0.9120,55.5100,-83.8600,37.8000,1.8982,-2.8676,1.2926,0
79995,5.2397,-3.4014,2.4080,31.9200,-115.8500,55.4400,1.0915,-3.9615,1.8958,0
80034,4.9836,-5.4168,1.8527,26.1800,-166.2500,66.3600,0.8952,-5.6849,2.2692,0
80073,8.4567,-9.9863,2.1279,56.8400,-163.4500,53.4800,1.9436,-5.5891,1.8287,0
80112,6.2737,-8.1001,-0.8713,80.7800,-105.2100,13.4400,2.7623,-3.5976,0.4596,0
80151,9.1652,-6.8865,0.5505,-17.4300,-117.5300,18.2000,-0.5960,-4.0189,0.6223,0
80190,10.3142,-6.8745,-1.8024,63.0000,-126.7000,60.2000,2.1543,-4.3325,2.0585,0
80229,9.2490,-6.0104,-0.6391,38.0100,-92.9600,68.4600,1.2997,-3.1788,2.3410,0
80268,8.2437,-6.8721,-0.4213,10.6400,-84.4900,65.6600,0.3638,-2.8891,2.2452,0
80307,7.2096,-8.8876,-1.7641,45.2900,-54.7400,58.5200,1.5487,-1.8718,2.0011,0
80346,7.3844,-10.8935,-1.1753,52.7800,-17.6400,45.3600,1.8048,-0.6032,1.5511,0
80385,5.5580,-9.5746,-0.1269,43.4700,-5.8800,22.9600,1.4865,-0.2011,0.7851,0
80424,1.6372,-6.6304,-2.8556,107.7300,-15.3300,8.1200,3.6838,-0.5242,0.2777,0
80463,0.8378,-5.7711,-0.0838,54.9500,-29.8900,34.0200,1.8790,-1.0221,1.1633,0
80502,3.5067,-8.9331,1.4314,-29.6800,-28.6300,54.4600,-1.0149,-0.9790,1.8623,0
80541,4.6102,-10.2974,-0.0335,7.2800,-27.5800,15.1200,0.2489,-0.9431,0.5170,0
80580,6.1014,-8.6554,-1.4242,28.9100,-13.3700,-33.9500,0.9886,-0.4572,-1.1609,0
80619,5.2493,-7.7793,-1.9819,-22.1200,7.3500,-50.9600,-0.7564,0.2513,-1.7426,0
80658,3.9232,-8.1910,-2.0154,-36.9600,-12.6000,-60.7600,-1.2638,-0.4309,-2.0777,0
80697,2.4678,-9.6248,-1.9771,-19.1800,-25.1300,-89.7400,-0.6559,-0.8593,-3.0686,0
80736,-0.0503,-8.8445,-5.5844,0.7000,-49.0000,-124.3200,0.0239,-1.6755,-4.2511,0
80775,3.5306,-4.7131,-1.0460,75.2500,-49.7700,-148.4000,2.5732,-1.7019,-5.0745,0
80814,16.3103,-5.5413,1.8359,117.3200,-85.8900,-65.8700,4.0117,-2.9370,-2.2524,0
80853,11.9347,-4.6987,0.6654,-27.5800,1.8900,-43.2600,-0.9431,0.0646,-1.4793,0
80892,6.8769,-8.5956,2.5564,-26.0400,-4.5500,-37.1000,-0.8904,-0.1556,-1.2686,0
80931,5.0506,-6.9942,0.3878,20.7200,-29.1200,-44.4500,0.7085,-0.9958,-1.5200,0
80970,8.6865,-5.5604,-0.7181,51.4500,-47.6000,-23.3800,1.7593,-1.6277,-0.7995,0
81009,13.1985,-4.5623,-0.4093,24.5000,-35.8400,-29.0500,0.8378,-1.2255,-0.9934,0
81048,10.2352,-3.6024,-0.6870,-14.9100,6.9300,-38.2900,-0.5098,0.2370,-1.3093,0
81087,9.8091,-6.7070,-0.6918,-40.2500,15.8900,-25.5500,-1.3763,0.5434,-0.8737,0
81126,9.2969,-8.1503,-1.0269,-34.7200,13.5100,-28.6300,-1.1872,0.4620,-0.9790,0
81165,7.2886,-6.2450,-0.3112,-1.8200,7.4200,-19.9500,-0.0622,0.2537,-0.6822,0
81204,7.5112,-5.8405,-0.3758,11.5500,-6.7200,-19.4600,0.3950,-0.2298,-0.6654,0
81243,7.2384,-4.8806,-0.8880,30.8000,4.0600,-20.5800,1.0532,0.1388,-0.7037,0
81282,6.9057,-5.4216,-2.1495,36.9600,19.4600,-6.7200,1.2638,0.6654,-0.2298,0
81321,5.4096,-6.8027,-4.2343,30.6600,13.6500,1.1200,1.0484,0.4668,0.0383,0
81360,4.8974,-5.3354,-2.3673,59.8500,13.7200,20.9300,2.0466,0.4692,0.7157,0
81399,7.8703,-4.8256,-0.6367,54.3900,41.0200,62.4400,1.8599,1.4027,2.1351,0
81438,9.2945,-8.7105,0.0168,96.8100,36.6800,96.8800,3.3104,1.2543,3.3128,0
81477,8.2413,-8.6554,3.8921,80.5000,37.3800,30.9400,2.7527,1.2782,1.0580,0
81516,9.1964,-3.7772,2.0657,68.1100,-7.6300,-1.8900,2.3290,-0.2609,-0.0646,0
81555,7.7913,-1.4769,1.4745,55.7200,-79.4500,8.7500,1.9053,-2.7168,0.2992,0
81594,3.8921,0.3160,2.6450,-1.5400,-141.6100,50.1200,-0.0527,-4.8423,1.7138,0
81633,11.4919,-8.2030,3.0327,4.3400,-139.7200,130.9700,0.1484,-4.7777,4.4785,0
81672,7.2719,-7.9780,3.6623,-14.6300,-119.3500,87.7800,-0.5003,-4.0812,3.0016,0
81711,6.5586,-6.0009,-1.8216,21.2800,-98.4200,49.9100,0.7277,-3.3655,1.7067,0
81750,7.4562,-10.7379,1.4936,50.3300,-108.8500,123.4100,1.7210,-3.7221,4.2200,0
81789,6.0942,-14.5079,-1.6588,110.8800,-83.2300,138.6000,3.7915,-2.8460,4.7394,0
81828,5.9793,-13.6437,-0.2226,147.0000,-49.1400,73.5700,5.0266,-1.6803,2.5157,0
81867,4.7562,-9.1844,-0.6822,106.4700,-49.6300,23.3800,3.6407,-1.6971,0.7995,0
81906,0.5242,-6.2498,-1.9436,94.2200,-54.3200,-6.0200,3.2218,-1.8575,-0.2059,0
81945,-2.2093,-2.8700,-0.7444,-13.5800,-78.9600,-51.5200,-0.4644,-2.7000,-1.7617,0
81984,-1.4290,-3.1716,-1.9676,-68.1100,-106.3300,-107.8700,-2.3290,-3.6359,-3.6886,0
82023,1.3333,-2.2548,-1.4482,-40.9500,-107.6600,-156.1000,-1.4003,-3.6814,-5.3378,0
82062,20.0874,-11.5445,2.2165,73.0800,-111.4400,-78.5400,2.4990,-3.8107,-2.6857,0
82101,15.1972,-5.4216,3.0160,54.4600,-75.6700,-74.4100,1.8623,-2.5875,-2.5444,0
82140,7.0876,-5.1391,0.6870,13.3000,-16.2400,-115.5700,0.4548,-0.5553,-3.9519,0
82179,4.7250,-7.1761,-1.6085,35.5600,-3.6400,-50.6100,1.2160,-0.1245,-1.7306,0
82218,7.5543,-3.9710,-2.6186,40.3900,-25.9000,-2.1000,1.3811,-0.8856,-0.0718,0
82257,10.4650,-4.6078,-3.2530,2.5200,-35.4900,9.7300,0.0862,-1.2136,0.3327,0
82296,10.7163,-9.5051,-2.5277,-34.2300,-44.3100,-20.6500,-1.1705,-1.5152,-0.7061,0
82335,9.9982,-9.5602,-1.9676,2.1000,-45.8500,-29.2600,0.0718,-1.5678,-1.0005,0
82374,9.2347,-8.8900,-2.4774,44.8700,-35.0700,-21.8400,1.5343,-1.1992,-0.7468,0
82413,8.8038,-6.6136,-1.6109,61.5300,-24.2900,-12.2500,2.1040,-0.8306,-0.4189,0
82452,7.9469,-5.6562,-1.7976,63.9100,-30.6600,-13.3000,2.1854,-1.0484,-0.4548,0
82491,8.7296,-6.1804,-2.4822,71.2600,-38.3600,-10.8500,2.4367,-1.3117,-0.3710,0
82530,7.9732,-6.3144,-2.1447,75.1800,-22.6800,-12.3900,2.5708,-0.7755,-0.4237,0
82569,6.4844,-7.1283,-1.7210,80.5700,-6.2300,-12.2500,2.7551,-0.2130,-0.4189,0
82608,6.0846,-7.1283,-2.9729,100.1000,11.7600,-9.6600,3.4229,0.4021,-0.3303,0
82647,5.7687,-6.3096,-2.2021,137.0600,39.6200,-19.1100,4.6867,1.3548,-0.6535,0
82686,8.0929,-5.3809,-1.0005,120.6800,49.7000,-0.5600,4.1266,1.6995,-0.0191,0
82725,9.6296,-3.9782,-0.8785,105.0700,18.8300,26.5300,3.5929,0.6439,0.9072,0
82764,9.7469,-5.3665,0.4955,82.6700,-18.7600,43.9600,2.8269,-0.6415,1.5032,0
82803,8.2581,-4.5551,2.8484,65.7300,-54.9500,60.4100,2.2476,-1.8790,2.0657,0
82842,9.4214,-5.4671,2.7670,45.8500,-83.0200,77.0000,1.5678,-2.8389,2.6330,0
82881,10.1778,-5.3115,-0.0287,51.3100,-111.5100,72.3100,1.7545,-3.8131,2.4726,0
82920,7.2120,-4.3373,0.3112,15.4000,-107.4500,68.7400,0.5266,-3.6742,2.3506,0
82959,5.4599,-6.2737,2.4056,-28.3500,-98.0000,98.2100,-0.9694,-3.3511,3.3583,0
82998,5.0099,-8.2940,3.1764,-40.2500,-82.7400,79.7300,-1.3763,-2.8293,2.7264,0
83037,6.3240,-7.7291,1.4841,4.7600,-78.6800,48.2300,0.1628,-2.6905,1.6492,0
83076,7.1785,-7.7147,-0.4213,16.5200,-50.8900,62.3000,0.5649,-1.7402,2.1303,0
83115,5.2205,-8.6530,0.1173,31.3600,-72.0300,74.6200,1.0724,-2.4631,2.5516,0
83154,4.6030,-8.4352,0.4356,67.2000,-113.7500,85.3300,2.2979,-3.8897,2.9178,0
83193,5.4910,-8.8804,-0.6176,81.2000,-59.5700,83.8600,2.7766,-2.0370,2.8676,0
83232,6.1804,-9.4621,-1.3189,62.1600,-44.5200,59.9200,2.1256,-1.5224,2.0490,0
83271,4.5144,-9.4692,-0.3160,8.9600,-18.9000,38.0800,0.3064,-0.6463,1.3021,0
83310,2.5732,-9.3113,0.6415,5.1800,-27.5100,15.6100,0.1771,-0.9407,0.5338,0
83349,1.5439,-8.8613,-0.3160,0.4900,-45.0800,-3.0800,0.0168,-1.5415,-0.1053,0
83388,2.2237,-7.9756,-1.1418,-8.8900,-58.5900,-28.5600,-0.3040,-2.0035,-0.9766,0
83427,1.8383,-7.7482,-1.6875,-18.9700,-58.5900,-56.7000,-0.6487,-2.0035,-1.9388,0
83466,1.6779,-8.9450,-1.6923,-12.3200,-46.2000,-70.0000,-0.4213,-1.5798,-2.3936,0
83505,1.5367,-10.0222,-2.8197,18.6200,-60.0600,-81.4100,0.6367,-2.0537,-2.7838,0
83544,2.2165,-7.6668,-2.3841,37.5900,-64.8900,-82.0400,1.2854,-2.2189,-2.8053,0
83583,6.9200,-7.0158,-0.7612,54.5300,-58.5900,-74.0600,1.8646,-2.0035,-2.5325,0
83622,10.8599,-8.7129,-2.5085,39.4800,-49.7000,-53.7600,1.3500,-1.6995,-1.8383,0
83661,7.2264,-7.5304,-1.5271,-14.4200,5.2500,-57.3300,-0.4931,0.1795,-1.9604,0
83700,6.5586,-7.5065,-0.7301,-19.9500,7.1400,-51.5900,-0.6822,0.2442,-1.7641,0
83739,9.4046,-9.0599,-0.7277,-19.4600,14.2800,-30.5900,-0.6654,0.4883,-1.0460,0
83778,8.8373,-7.7434,0.0239,-19.9500,17.9900,-22.8900,-0.6822,0.6152,-0.7827,0
83817,7.1833,-6.0392,1.5750,-19.7400,17.8500,-24.4300,-0.6750,0.6104,-0.8354,0
83856,6.3192,-5.1248,-0.1221,63.2800,-10.3600,-35.4200,2.1639,-0.3543,-1.2112,0
83895,4.0309,-4.3301,0.2418,40.9500,-15.0500,-33.9500,1.4003,-0.5146,-1.1609,0
83934,7.1091,-3.5881,-1.0197,-40.7400,8.4700,-17.7800,-1.3931,0.2896,-0.6080,0
83973,11.1232,-4.8304,-0.8809,-2.1700,-2.3800,-9.1000,-0.0742,-0.0814,-0.3112,0
84012,10.0246,-4.5814,-0.7205,-36.4000,27.2300,-15.2600,-1.2447,0.9311,-0.5218,0
84051,9.7589,-7.8320,-0.5266,-36.8200,37.6600,-8.4700,-1.2591,1.2878,-0.2896,0
84090,9.1126,-7.7793,-0.4811,-15.6100,17.1500,-20.6500,-0.5338,0.5864,-0.7061,0
84129,8.3347,-7.3892,-1.2638,-18.4800,21.3500,-15.9600,-0.6319,0.7301,-0.5457,0
84168,7.2049,-8.2605,0.5242,-12.3200,20.5800,-11.4100,-0.4213,0.7037,-0.3902,0
84207,6.9272,-6.3695,-0.7636,15.8900,18.4100,-14.9800,0.5434,0.6295,-0.5122,0
84246,6.2665,-6.5945,-3.1500,7.7700,18.4100,-16.8000,0.2657,0.6295,-0.5745,0
84285,6.0751,-7.1235,-1.3476,6.0900,16.1700,1.8900,0.2082,0.5529,0.0646,0
84324,6.2019,-5.0530,-1.1657,28.5600,30.1700,17.5000,0.9766,1.0317,0.5984,0
84363,6.8171,-2.8101,-0.8282,14.0700,81.9000,36.1900,0.4811,2.8006,1.2375,0
84402,7.5807,-4.9860,1.3787,4.4100,-3.0100,62.7200,0.1508,-0.1029,2.1447,0
84441,6.8554,-4.8375,2.7240,-36.7500,-12.3200,45.2900,-1.2567,-0.4213,1.5487,0
84480,6.5011,-4.6676,2.2357,-42.9800,-32.6900,65.4500,-1.4697,-1.1178,2.2381,0
84519,7.0732,-8.0929,1.8431,-59.1500,-46.6200,106.7500,-2.0226,-1.5942,3.6503,0
84558,6.9033,-12.4230,1.3428,-13.7900,-37.3100,102.9000,-0.4715,-1.2758,3.5187,0
84597,6.4269,-11.2788,0.5864,41.5100,-86.5900,64.5400,1.4194,-2.9609,2.2069,0
84636,7.1187,-10.5823,0.2705,42.0700,-61.3900,66.6400,1.4386,-2.0992,2.2787,0
84675,6.5801,-10.7307,0.3830,52.8500,-51.5200,64.1900,1.8072,-1.7617,2.1950,0
84714,4.9692,-9.4668,0.8138,63.2800,-37.3100,47.6700,2.1639,-1.2758,1.6301,0
84753,4.5383,-9.1461,0.6606,53.2000,-39.4800,32.7600,1.8192,-1.3500,1.1202,0
84792,3.5641,-8.8254,0.6702,46.9000,-32.2000,24.0100,1.6037,-1.1011,0.8210,0
84831,2.4008,-7.4849,0.3040,46.7600,-48.4400,3.2900,1.5990,-1.6564,0.1125,0
84870,2.0705,-6.3072,-1.1585,33.8800,-51.9400,-16.8700,1.1585,-1.7761,-0.5769,0
84909,1.9149,-6.1062,-0.3471,17.7100,-37.6600,-33.3900,0.6056,-1.2878,-1.1418,0
84948,2.4870,-6.3096,0.6223,-5.8100,-41.1600,-46.9000,-0.1987,-1.4075,-1.6037,0
84987,4.0931,-7.1354,0.3543,-24.5000,-29.1900,-64.2600,-0.8378,-0.9981,-2.1974,0
85026,5.7256,-7.1881,0.2992,-15.3300,15.6100,-93.1000,-0.5242,0.5338,-3.1835,0
85065,9.9073,-9.9169,1.3404,34.7900,-12.6000,-75.6700,1.1896,-0.4309,-2.5875,0
85104,10.2161,-9.5650,1.0460,-4.0600,7.7700,-38.3600,-0.1388,0.2657,-1.3117,0
85143,7.4945,-9.4477,0.0335,-1.5400,1.7500,-23.4500,-0.0527,0.0598,-0.8019,0
85182,7.5687,-9.2801,0.0072,-3.5700,3.9900,-20.0200,-0.1221,0.1364,-0.6846,0
85221,7.2312,-8.6027,0.4428,-7.0000,11.9700,-15.4000,-0.2394,0.4093,-0.5266,0
85260,6.8985,-7.5663,0.6726,-0.3500,21.5600,-28.8400,-0.0120,0.7372,-0.9862,0
85299,6.9727,-6.7094,0.1364,8.5400,11.6900,-40.4600,0.2920,0.3997,-1.3835,0
85338,5.9769,-5.9506,0.4859,4.7600,5.3200,-48.6500,0.1628,0.1819,-1.6636,0
85377,5.7136,-4.8782,0.9263,-1.4000,28.4900,-44.8700,-0.0479,0.9742,-1.5343,0
85416,6.4245,-4.7969,0.4404,5.6000,21.5600,-32.0600,0.1915,0.7372,-1.0963,0
85455,6.6112,-4.6724,0.2657,1.0500,16.5200,-28.1400,0.0359,0.5649,-0.9622,0
85494,7.2336,-5.0051,0.7564,-6.4400,20.3700,-30.5900,-0.2202,0.6965,-1.0460,0
85533,7.6214,-4.5192,1.5702,-9.9400,28.2100,-41.4400,-0.3399,0.9646,-1.4170,0
85572,8.0642,-3.8466,1.0532,-20.5800,4.6900,-36.8900,-0.7037,0.1604,-1.2614,0
85611,8.3035,-5.1607,-0.3184,-25.1300,-14.2100,-11.9000,-0.8593,-0.4859,-0.4069,0
85650,7.5424,-6.7189,0.2059,-31.5700,-6.5100,7.9100,-1.0795,-0.2226,0.2705,0
85689,8.3251,-7.8392,1.8982,-44.5900,2.1000,13.0900,-1.5247,0.0718,0.4476,0
85728,9.1676,-7.0924,0.0886,-19.0400,-9.5900,0.9100,-0.6511,-0.3279,0.0311,0
85767,9.4046,-6.4987,-0.8234,-16.9400,-7.6300,-4.9000,-0.5793,-0.2609,-0.1676,0
85806,8.4567,-6.0990,0.2082,-20.4400,3.2200,-1.5400,-0.6989,0.1101,-0.0527,0
85845,7.7267,-5.4503,0.5051,-29.2600,10.9200,-2.2400,-1.0005,0.3734,-0.0766,0
85884,8.1097,-5.4216,0.1101,-23.3800,2.8700,-7.4900,-0.7995,0.0981,-0.2561,0
85923,8.3299,-5.3378,-0.5864,-22.1900,-6.9300,-5.8800,-0.7588,-0.2370,-0.2011,0
85962,7.4538,-5.7136,-0.6750,-14.6300,0.6300,-4.6900,-0.5003,0.0215,-0.1604,0
86001,6.9966,-5.8501,-0.4572,-19.9500,-5.6000,-3.6400,-0.6822,-0.1915,-0.1245,0
86040,7.0421,-5.6346,-0.4907,-18.3400,-21.1400,-3.5000,-0.6271,-0.7229,-0.1197,0
86079,8.1839,-6.2450,-1.2255,-4.6900,-21.4900,0.8400,-0.1604,-0.7348,0.0287,0
86118,8.2461,-6.0870,-0.9598,0.5600,-7.5600,2.9400,0.0191,-0.2585,0.1005,0
86157,8.2485,-6.1038,-0.3567,-9.5200,5.2500,5.6000,-0.3255,0.1795,0.1915,0
86196,8.3777,-6.6878,-1.1370,-5.4600,6.2300,4.8300,-0.1867,0.2130,0.1652,0
86235,7.8368,-6.3216,-0.7181,-4.1300,4.3400,-1.5400,-0.1412,0.1484,-0.0527,0
86274,8.0187,-5.4383,-0.0431,-12.3200,7.9800,-0.4200,-0.4213,0.2729,-0.0144,0
86313,7.9589,-4.8495,-0.1939,-16.5900,8.8200,2.8000,-0.5673,0.3016,0.0957,0
86352,8.1360,-4.9165,-0.2896,-32.1300,11.2700,6.5100,-1.0987,0.3854,0.2226,0
86391,8.0067,-5.6586,-0.1604,-33.1800,12.8100,8.1200,-1.1346,0.4380,0.2777,0
86430,8.1360,-5.8285,0.1245,-42.7000,13.0900,4.8300,-1.4601,0.4476,0.1652,0
86469,7.8823,-6.6567,-0.2657,-32.6900,13.5800,3.6400,-1.1178,0.4644,0.1245,0
86508,7.8703,-7.1594,-0.3495,-15.8200,8.3300,4.7600,-0.5410,0.2848,0.1628,0
86547,7.6190,-7.5543,-0.5912,4.2000,7.3500,6.8600,0.1436,0.2513,0.2346,0
86586,7.6501,-7.0947,-0.2178,20.2300,5.5300,6.3700,0.6918,0.1891,0.2178,0
86625,8.3706,-5.5628,-0.8162,29.1900,-16.0300,7.4900,0.9981,-0.5481,0.2561,0
86664,8.3801,-5.1511,-1.1681,17.7100,-5.1800,8.2600,0.6056,-0.1771,0.2824,0
86703,7.7410,-5.1344,-0.8737,-6.8600,12.3900,2.3100,-0.2346,0.4237,0.0790,0
86742,7.8104,-5.4336,-1.0364,-15.1900,2.1700,1.4000,-0.5194,0.0742,0.0479,0
86781,7.6118,-6.4341,-0.9527,-12.6000,-5.4600,-3.2200,-0.4309,-0.1867,-0.1101,0
86820,7.2527,-7.1354,-0.6942,7.2100,-32.1300,-14.0700,0.2465,-1.0987,-0.4811,0
86859,6.9918,-7.1019,-1.5726,79.1000,-52.2200,-12.1800,2.7048,-1.7857,-0.4165,0
86898,6.4126,-6.1780,-0.4500,103.6000,-53.4100,-17.3600,3.5426,-1.8263,-0.5936,0
86937,7.0373,-5.0099,-0.1436,54.6000,-61.5300,-22.0500,1.8670,-2.1040,-0.7540,0
86976,8.5046,-4.8232,-1.3787,-3.9900,-44.6600,-39.6900,-0.1364,-1.5271,-1.3572,0
87015,9.4812,-3.9208,-1.9891,-4.7600,-17.7100,-33.1100,-0.1628,-0.6056,-1.1322,0
87054,7.6022,-5.9362,-1.2974,41.5800,-20.3000,-14.5600,1.4218,-0.6942,-0.4979,0
87093,9.6918,-7.3174,-2.9131,61.6000,-29.6100,-3.5000,2.1064,-1.0125,-0.1197,0
87132,8.2150,-7.3844,-2.2309,58.2400,-16.1700,-6.5800,1.9915,-0.5529,-0.2250,0
87171,8.3275,-7.8703,-1.4266,66.4300,-26.6000,-3.5000,2.2716,-0.9096,-0.1197,0
87210,8.3347,-7.8487,-1.8144,94.5700,-15.3300,-2.1700,3.2338,-0.5242,-0.0742,0
87249,7.6596,-5.9841,-1.2184,103.8100,-10.7800,-1.3300,3.5498,-0.3686,-0.0455,0
87288,8.4041,-5.9745,-0.4620,109.4100,-18.1300,5.3200,3.7413,-0.6200,0.1819,0
87327,8.5357,-4.8758,-0.6630,108.1500,-21.4900,5.8800,3.6982,-0.7348,0.2011,0
87366,9.2035,-3.9710,-0.0024,96.6000,-11.3400,8.7500,3.3032,-0.3878,0.2992,0
87405,9.2490,-4.0572,0.0239,76.5800,-3.8500,13.5100,2.6186,-0.1317,0.4620,0
87444,10.4339,-4.3875,-0.7995,43.8900,-2.6600,24.0100,1.5008,-0.0910,0.8210,0
87483,9.3998,-4.7346,0.0574,27.2300,-23.6600,29.4000,0.9311,-0.8091,1.0053,0
87522,8.2485,-6.3599,0.4165,9.5900,-9.9400,31.5700,0.3279,-0.3399,1.0795,0
87561,7.3700,-6.5203,0.0551,-2.1000,-3.7100,36.1900,-0.0718,-0.1269,1.2375,0
87600,6.5131,-6.7166,1.6181,1.4700,2.2400,34.0200,0.0503,0.0766,1.1633,0
87639,6.5538,-6.4030,0.7253,29.4000,6.8600,26.8100,1.0053,0.2346,0.9168,0
87678,7.1067,-6.5777,0.7923,30.1000,-10.3600,26.1100,1.0293,-0.3543,0.8928,0
87717,5.9147,-6.1445,0.7085,19.6000,-15.4700,31.5000,0.6702,-0.5290,1.0771,0
87756,4.9955,-5.8118,0.4883,21.8400,-21.6300,39.1300,0.7468,-0.7396,1.3380,0
87795,5.4001,-6.4413,0.7325,18.4100,-29.8900,44.5200,0.6295,-1.0221,1.5224,0
87834,6.2665,-6.9751,0.6391,10.1500,-58.0300,45.7800,0.3471,-1.9843,1.5654,0
87873,5.5317,-7.7362,0.2633,0.9800,-48.1600,48.3700,0.0335,-1.6468,1.6540,0
87912,4.7657,-8.0283,0.7444,7.4900,-70.1400,38.5000,0.2561,-2.3984,1.3165,0
87951,5.9434,-8.6602,1.2782,34.7200,-87.2900,44.8700,1.1872,-2.9849,1.5343,0
87990,7.4897,-7.3509,-0.8497,11.8300,-88.0600,43.4000,0.4045,-3.0112,1.4841,0
88029,7.0971,-7.5136,-0.8282,29.8900,-73.7100,44.0300,1.0221,-2.5205,1.5056,0
88068,6.4365,-6.7620,0.2202,7.9100,-61.5300,42.9800,0.2705,-2.1040,1.4697,0
88107,4.8663,-9.6847,-3.0375,-6.9300,-33.1800,32.1300,-0.2370,-1.1346,1.0987,0
88146,2.0944,-11.4631,-2.9466,26.3900,-6.8600,11.6200,0.9024,-0.2346,0.3973,0
88185,-1.5966,-12.9113,-4.0405,37.7300,-39.1300,-12.0400,1.2902,-1.3380,-0.4117,0
88224,-3.1405,-10.8432,-4.1338,43.8200,-65.6600,-76.2300,1.4984,-2.2452,-2.6067,0
88263,1.7043,-10.2424,-4.4282,55.7200,-79.3800,-151.5500,1.9053,-2.7144,-5.1822,0
88302,18.6369,-11.9969,-1.1872,202.3700,-56.2100,-98.0000,6.9200,-1.9221,-3.3511,0
88341,14.8597,8.7631,2.2333,196.6300,5.5300,-13.4400,6.7237,0.1891,-0.4596,0
88380,4.6269,8.0331,-2.2045,-29.8900,21.9100,193.3400,-1.0221,0.7492,6.6112,0
88419,-2.3865,-0.7588,-0.8593,-55.1600,-61.2500,249.6200,-1.8862,-2.0944,8.5357,0
88458,3.6934,-11.0179,1.5295,-29.8900,-9.1000,228.6200,-1.0221,-0.3112,7.8176,0
88497,1.2543,-8.7057,-0.7516,80.6400,-4.0600,104.8600,2.7575,-0.1388,3.5857,0
88536,1.3572,-2.4678,-2.3051,71.8900,76.7200,28.1400,2.4583,2.6234,0.9622,1
88575,-1.5678,-0.2298,1.7593,83.3000,20.7200,-4.8300,2.8484,0.7085,-0.1652,0
88614,0.0072,0.5146,-2.3075,33.4600,-30.1700,7.7000,1.1442,-1.0317,0.2633,0
88653,9.7349,-5.1128,1.9077,0.7000,-28.7000,120.9600,0.0239,-0.9814,4.1362,0
88692,12.2411,-12.0496,-3.7867,7.9100,-0.0700,144.5500,0.2705,-0.0024,4.9429,0
88731,1.8934,-7.9708,0.7588,80.8500,58.6600,60.2000,2.7647,2.0059,2.0585,0
88770,-0.2346,-10.1825,3.3367,76.0200,51.1000,149.8000,2.5995,1.7474,5.1224,0
88809,-6.4533,-17.1528,6.4221,153.3700,-0.7700,189.5600,5.2445,-0.0263,6.4820,0
88848,-4.2870,-24.3098,16.8440,241.0800,128.3800,180.8800,8.2437,4.3899,6.1852,0
88887,-12.3009,-15.4988,18.6536,324.0300,73.9900,169.6100,11.0802,2.5301,5.7998,0
